GEO_ID,PCT_total_households_with_Device,PCT_total_households_with_Desktop,PCT_total_households_with_NO,PCT_total_households_with_Smartphone,PCT_total_households_with_NO2,PCT_total_households_with_Portable,PCT_total_households_with_NO3,PCT_total_households_with_Other,PCT_total_households_with_NO4,PCT_total_households_No_Device,PCT_total_households_with_SUB,PCT_total_households_with_DU,PCT_total_households_with_Broadband,PCT_total_households_with_Cellular,PCT_total_households_with_Cell_NO,PCT_total_households_with_Cable,PCT_total_households_with_SAT,PCT_total_households_without_SUB
0500000US01003,92.7,75.1,5.3,84.1,11.2,63.8,1.3,1.4,0.0,7.3,85.1,0.5,84.6,78.1,19.8,57.6,12.9,14.9
0500000US01015,87.6,69.5,6.9,74.4,8.7,57.4,2.6,2.8,0.2,12.4,77.6,0.5,77.1,62.7,14.6,55.9,11.1,22.4
0500000US01043,86.6,63.0,2.2,79.4,13.0,56.1,2.3,1.5,0.2,13.4,80.8,0.7,80.1,70.9,23.8,49.3,9.9,19.2
0500000US01049,85.7,60.0,5.4,77.3,15.8,49.5,1.2,0.9,0.0,14.3,78.0,0.0,78.0,70.1,18.7,54.6,7.8,22.0
0500000US01051,86.6,71.4,2.0,82.8,9.3,64.5,1.0,2.4,0.0,13.4,82.1,0.1,82.0,67.4,9.9,67.9,7.3,17.9
0500000US01055,88.1,61.7,4.4,79.7,17.2,49.0,1.0,1.7,0.4,11.9,81.8,0.0,81.8,72.8,19.6,57.1,7.4,18.2
0500000US01069,81.9,64.2,9.9,69.7,12.5,47.2,0.9,1.9,0.1,18.1,74.7,0.5,74.2,63.7,13.7,57.7,5.1,25.3
0500000US01073,89.1,71.4,3.0,82.7,10.8,57.9,1.0,1.8,0.0,10.9,83.5,0.1,83.4,76.1,15.0,65.0,7.7,16.5
0500000US01077,85.8,67.6,6.4,76.1,12.6,51.2,1.5,2.4,0.0,14.2,76.1,0.1,76.0,67.9,20.4,49.9,8.9,23.9
0500000US01081,92.6,78.8,2.9,87.8,6.3,67.7,0.8,2.5,0.0,7.4,82.0,0.4,81.6,75.0,10.0,66.9,14.1,18.0
0500000US01083,91.1,74.3,3.1,82.9,7.3,68.5,1.0,3.1,0.0,8.9,82.0,0.1,81.9,68.8,10.8,63.7,11.9,18.0
0500000US01089,93.2,80.6,3.7,86.9,7.0,63.9,1.0,2.3,0.0,6.8,88.1,0.1,88.0,78.0,8.3,76.3,6.3,11.9
0500000US01095,88.8,64.3,3.6,82.2,17.4,54.0,0.7,1.6,0.0,11.2,83.2,0.0,83.2,77.8,17.9,61.4,5.6,16.8
0500000US01097,88.1,62.4,3.7,81.5,18.9,46.8,1.1,1.3,0.0,11.9,79.3,2.1,77.3,70.4,21.7,51.5,7.9,20.7
0500000US01101,88.5,65.5,3.0,81.9,14.9,59.3,1.3,2.2,0.0,11.5,82.4,0.2,82.2,74.4,13.1,65.8,5.8,17.6
0500000US01103,86.3,73.0,5.9,78.6,8.5,58.6,0.5,3.2,0.0,13.7,80.6,0.2,80.4,59.5,14.9,62.0,7.0,19.4
0500000US01115,88.0,72.5,7.6,75.8,5.6,63.7,1.2,1.3,0.0,12.0,83.7,0.6,83.1,73.2,9.1,69.2,7.5,16.3
0500000US01117,95.2,80.8,2.1,90.6,8.6,72.5,0.5,4.1,0.0,4.8,90.1,0.1,90.0,83.1,10.0,76.6,9.0,9.9
0500000US01121,85.2,64.7,5.1,77.3,12.3,56.3,1.2,1.0,0.0,14.8,81.6,0.2,81.3,71.1,15.7,57.1,13.3,18.4
0500000US01125,90.2,69.6,3.9,84.1,13.8,55.7,1.1,2.8,0.0,9.8,82.4,0.4,81.9,76.9,13.8,64.5,8.8,17.6
0500000US01127,82.9,58.5,4.3,76.7,16.4,48.4,0.8,2.8,0.0,17.1,77.7,0.4,77.3,69.5,22.0,47.5,11.0,22.3
0500000US02020,97.6,84.4,2.0,93.8,8.9,70.8,0.5,5.4,0.0,2.4,91.9,0.1,91.8,85.6,12.2,78.1,4.0,8.1
0500000US02090,97.3,85.2,4.7,90.4,7.4,68.3,0.8,4.2,0.0,2.7,90.1,1.3,88.8,72.3,19.0,65.3,7.6,9.9
0500000US02170,95.0,83.2,4.8,88.2,7.9,66.5,0.3,2.8,0.0,5.0,87.8,0.4,87.4,70.8,11.8,73.7,4.3,12.2
0500000US04001,52.9,38.3,4.4,44.6,10.0,28.6,1.6,2.5,0.0,47.1,35.3,0.1,35.3,29.1,8.2,19.4,7.5,64.7
0500000US04003,89.7,79.2,5.6,79.9,6.5,57.3,1.3,1.6,0.0,10.3,83.6,0.7,83.0,74.7,6.8,67.6,12.8,16.4
0500000US04005,93.2,79.6,4.8,86.8,9.1,60.5,0.1,1.8,0.0,6.8,81.2,0.3,81.0,70.2,12.7,61.5,8.5,18.8
0500000US04013,94.8,82.6,3.6,88.8,7.8,66.7,0.6,3.2,0.0,5.2,89.0,0.3,88.7,79.0,12.4,73.2,7.6,11.0
0500000US04015,89.3,74.6,8.8,76.1,9.9,52.6,1.3,2.1,0.0,10.7,83.1,0.3,82.8,67.4,11.3,64.7,10.2,16.9
0500000US04017,78.9,60.0,4.3,70.7,13.6,44.7,0.5,2.7,0.0,21.1,64.3,0.3,63.9,49.1,9.4,48.4,7.1,35.7
0500000US04019,93.7,78.7,4.2,86.1,9.1,62.9,0.9,1.9,0.0,6.3,87.3,0.4,86.9,78.8,13.1,69.7,7.3,12.7
0500000US04021,93.5,82.0,4.3,85.4,6.6,68.1,0.9,3.3,0.0,6.5,87.0,0.2,86.7,73.8,10.8,67.5,13.1,13.0
0500000US04025,91.9,77.1,6.7,80.1,8.7,58.4,1.0,2.7,0.0,8.1,84.6,0.4,84.1,69.2,11.1,64.0,13.7,15.4
0500000US04027,89.3,71.7,4.1,81.2,10.2,58.1,1.0,2.6,0.0,10.7,80.2,0.6,79.6,68.1,16.3,58.1,11.7,19.8
0500000US05007,94.1,81.0,3.2,89.1,8.8,68.6,0.5,1.5,0.0,5.9,84.1,0.1,84.0,77.0,11.7,68.7,6.5,15.9
0500000US05031,91.7,72.1,5.5,83.5,13.1,55.8,0.8,0.9,0.0,8.3,79.8,0.0,79.8,72.2,14.9,61.3,5.8,20.2
0500000US05045,90.7,78.1,3.9,83.3,7.6,71.0,1.1,1.5,0.2,9.3,80.8,0.1,80.7,75.2,9.5,65.0,7.5,19.2
0500000US05051,91.8,69.0,4.3,84.5,13.4,55.7,1.2,1.2,0.0,8.2,81.9,0.1,81.9,70.4,18.0,57.5,9.8,18.1
0500000US05069,86.3,51.8,2.6,82.3,24.1,44.0,0.8,1.9,0.0,13.7,68.4,0.6,67.8,65.1,25.3,37.8,7.6,31.6
0500000US05085,91.1,70.1,2.8,86.1,13.7,61.9,0.6,2.4,0.0,8.9,84.5,0.1,84.4,79.6,15.3,64.9,8.5,15.5
0500000US05119,91.1,71.5,3.1,85.5,13.5,53.6,0.8,1.7,0.0,8.9,81.1,0.3,80.8,68.1,13.8,62.1,8.6,18.9
0500000US05125,93.8,75.7,3.2,89.4,11.2,62.5,0.1,1.7,0.0,6.2,85.4,0.5,84.9,76.7,18.7,59.0,11.6,14.6
0500000US05131,91.1,64.9,2.9,85.1,15.6,57.6,1.6,2.5,0.0,8.9,80.5,0.3,80.1,73.9,14.4,61.1,7.6,19.5
0500000US05143,93.5,78.5,3.3,88.4,10.6,58.0,0.3,1.4,0.0,6.5,81.7,0.7,81.0,74.5,14.8,60.2,5.4,18.3
0500000US05145,86.6,66.1,6.9,78.1,16.0,48.2,0.4,1.3,0.0,13.4,78.4,0.0,78.4,75.0,27.4,46.8,6.1,21.6
0500000US06001,95.4,87.6,2.8,90.6,4.6,71.9,0.5,7.6,0.0,4.6,91.6,0.1,91.4,86.4,7.0,82.4,5.1,8.4
0500000US06007,93.7,80.8,5.9,83.5,8.2,62.6,1.3,2.0,0.0,6.3,87.4,0.1,87.3,77.7,10.4,70.5,10.1,12.6
0500000US06013,95.9,86.4,2.9,90.7,5.0,74.1,0.6,2.8,0.0,4.1,92.8,0.1,92.7,86.7,8.2,81.9,7.8,7.2
0500000US06017,95.0,86.6,5.3,86.4,5.0,64.8,1.1,3.3,0.0,5.0,90.2,0.2,90.0,81.3,9.9,68.6,16.0,9.8
0500000US06019,90.4,69.9,3.0,84.7,13.6,57.0,1.1,3.4,0.0,9.6,81.4,0.1,81.3,73.1,14.0,62.3,9.1,18.6
0500000US06023,93.8,76.7,6.2,82.3,6.6,57.7,2.7,11.2,0.0,6.2,87.2,0.2,87.1,73.9,14.3,67.0,7.2,12.8
0500000US06025,92.5,68.4,3.2,85.7,12.8,63.1,1.5,3.5,0.0,7.5,86.2,0.1,86.1,82.6,12.9,67.7,8.0,13.8
0500000US06029,92.0,71.3,3.0,86.5,14.7,53.7,1.0,1.9,0.0,8.0,84.4,0.2,84.2,74.1,16.7,63.2,7.8,15.6
0500000US06031,91.9,73.1,2.7,86.2,10.4,61.8,1.2,1.4,0.0,8.1,84.1,0.0,84.1,64.5,8.0,70.8,7.0,15.9
0500000US06033,89.8,72.2,6.4,80.5,11.1,54.1,1.3,1.8,0.0,10.2,79.2,0.0,79.2,59.3,11.8,56.5,12.9,20.8
0500000US06037,93.4,80.3,3.0,88.5,8.5,62.3,0.5,3.3,0.0,6.6,86.5,0.2,86.4,78.7,11.1,71.9,9.4,13.5
0500000US06039,91.6,71.2,4.9,84.2,12.0,58.5,0.8,2.6,0.0,8.4,87.6,0.2,87.4,80.1,20.2,61.0,7.8,12.4
0500000US06041,96.8,91.9,4.4,90.1,2.2,74.3,0.7,3.3,0.0,3.2,94.2,0.2,94.0,86.7,5.8,85.4,6.6,5.8
0500000US06045,89.7,74.8,7.4,78.1,8.1,52.8,1.1,1.3,0.0,10.3,85.3,0.6,84.7,72.9,12.8,59.3,15.4,14.7
0500000US06047,92.0,68.4,3.2,87.2,15.4,57.5,0.3,3.4,0.0,8.0,88.0,0.0,88.0,82.6,20.7,61.2,8.3,12.0
0500000US06053,94.0,73.4,3.4,88.2,17.0,48.2,0.3,2.0,0.0,6.0,87.5,0.2,87.3,79.5,19.1,63.5,8.2,12.5
0500000US06055,94.5,84.8,4.8,86.2,4.7,66.7,0.8,2.9,0.0,5.5,91.9,0.2,91.7,82.8,7.8,79.2,8.8,8.1
0500000US06057,94.0,85.7,6.3,82.8,3.9,67.7,0.8,3.8,0.0,6.0,88.3,0.4,87.8,73.7,9.2,71.2,13.0,11.7
0500000US06059,96.2,87.4,2.8,91.2,5.0,72.6,0.6,3.4,0.0,3.8,92.2,0.2,92.1,85.0,9.8,79.6,7.9,7.8
0500000US06061,96.0,89.9,4.0,90.1,3.0,75.1,0.4,4.2,0.0,4.0,90.8,0.2,90.6,83.1,6.5,80.3,14.5,9.2
0500000US06065,94.4,80.7,3.7,88.3,8.0,67.8,0.8,2.7,0.0,5.6,89.1,0.2,88.9,78.6,10.5,74.9,8.9,10.9
0500000US06067,95.4,84.4,3.3,89.7,6.7,68.9,0.6,5.0,0.0,4.6,90.7,0.2,90.5,82.8,9.5,77.8,8.5,9.3
0500000US06071,94.7,77.8,3.1,89.2,10.0,66.1,0.8,2.4,0.0,5.3,86.1,0.2,85.9,71.3,10.8,70.0,9.4,13.9
0500000US06073,96.1,86.1,2.9,91.0,5.6,69.7,0.7,2.8,0.0,3.9,92.3,0.2,92.2,84.1,9.0,80.1,7.5,7.7
0500000US06075,93.9,85.8,2.6,89.5,5.6,68.9,0.6,5.9,0.0,6.1,89.3,0.2,89.1,84.3,7.3,80.1,3.7,10.7
0500000US06077,93.9,74.1,2.8,88.2,9.4,67.6,0.9,2.1,0.0,6.1,85.4,0.4,84.9,79.2,12.5,68.5,7.2,14.6
0500000US06079,94.0,83.6,4.3,86.5,7.2,62.7,0.8,2.3,0.1,6.0,89.0,0.4,88.7,73.5,10.3,71.8,10.0,11.0
0500000US06081,96.5,89.7,2.8,91.6,4.3,76.8,0.4,4.1,0.1,3.5,92.6,0.3,92.3,87.5,5.7,84.7,5.0,7.4
0500000US06083,94.6,82.9,3.9,87.9,6.7,68.7,0.5,2.2,0.0,5.4,90.6,0.3,90.3,82.4,10.2,76.2,6.3,9.4
0500000US06085,96.7,89.9,2.6,92.0,3.7,76.4,0.6,4.0,0.0,3.3,93.7,0.1,93.5,88.3,7.4,84.0,5.9,6.3
0500000US06087,94.1,85.3,4.3,86.9,4.3,67.2,1.3,3.0,0.0,5.9,88.5,0.1,88.4,79.5,8.5,74.1,9.2,11.5
0500000US06089,92.6,76.1,5.6,82.7,8.0,60.9,1.1,2.2,0.0,7.4,86.7,0.4,86.2,73.7,11.1,64.2,13.4,13.3
0500000US06095,95.6,83.9,3.3,90.0,7.7,60.5,0.5,2.4,0.0,4.4,93.3,0.1,93.2,86.9,10.4,79.8,8.1,6.7
0500000US06097,95.9,85.8,5.4,87.0,4.8,69.3,1.3,2.4,0.0,4.1,93.0,0.5,92.5,84.0,9.4,78.3,9.0,7.0
0500000US06099,93.0,73.7,3.5,86.6,11.1,62.0,1.1,2.6,0.1,7.0,87.2,0.2,87.0,81.6,12.1,69.3,9.7,12.8
0500000US06101,91.3,75.2,3.2,84.3,10.6,60.8,0.5,3.3,0.0,8.7,85.4,0.1,85.3,78.7,19.0,61.6,7.7,14.6
0500000US06107,88.1,60.9,2.9,82.7,18.6,50.6,0.8,1.6,0.0,11.9,79.7,0.1,79.7,69.0,19.9,53.5,9.7,20.3
0500000US06111,93.7,83.4,3.8,87.2,4.9,70.6,0.8,12.4,0.0,6.3,89.7,0.1,89.6,81.8,7.1,80.0,6.0,10.3
0500000US06113,95.0,84.5,4.2,89.0,5.4,67.1,0.6,2.7,0.0,5.0,90.7,0.0,90.7,84.8,14.1,73.6,7.5,9.3
0500000US06115,86.8,68.9,4.4,77.8,12.3,52.3,1.5,2.0,0.0,13.2,75.9,0.1,75.7,71.3,16.9,50.0,13.1,24.1
0500000US08001,94.4,79.5,4.1,88.2,9.0,65.1,0.7,2.3,0.1,5.6,88.0,0.3,87.7,81.0,10.6,74.0,8.1,12.0
0500000US08005,95.9,85.3,3.6,89.6,6.8,67.9,0.7,2.3,0.0,4.1,92.2,0.1,92.1,81.2,8.7,81.1,6.1,7.8
0500000US08013,96.2,89.7,4.2,89.8,3.6,70.9,0.6,2.6,0.0,3.8,92.2,0.2,92.0,83.8,6.3,82.8,7.0,7.8
0500000US08014,98.0,91.4,1.2,96.0,3.9,78.8,0.0,2.7,0.0,2.0,93.1,0.3,92.8,88.1,7.3,83.7,6.1,6.9
0500000US08031,95.0,84.7,3.0,90.0,6.9,64.5,0.4,2.4,0.0,5.0,89.0,0.3,88.7,82.8,8.8,77.6,3.8,11.0
0500000US08035,98.3,94.8,2.1,94.2,1.6,82.6,0.4,3.0,0.1,1.7,96.7,0.1,96.6,91.7,3.9,88.6,8.8,3.3
0500000US08041,95.0,85.6,3.5,89.1,6.4,69.0,0.5,2.5,0.0,5.0,92.4,0.2,92.2,81.0,9.0,79.9,6.3,7.6
0500000US08059,94.3,86.1,3.9,87.2,4.6,66.6,0.7,2.3,0.1,5.7,91.6,0.3,91.3,83.7,7.4,81.2,6.5,8.4
0500000US08069,96.0,88.5,3.0,90.4,3.4,72.3,0.8,3.1,0.0,4.0,90.8,0.2,90.6,84.2,6.4,79.5,8.4,9.2
0500000US08077,92.2,77.9,5.5,81.6,9.2,60.1,1.1,1.9,0.0,7.8,85.2,0.4,84.7,75.4,10.3,69.8,7.1,14.8
0500000US08101,89.2,69.4,5.8,78.7,13.1,55.1,1.3,2.0,0.0,10.8,79.5,0.3,79.2,67.9,10.0,65.5,8.0,20.5
0500000US08123,95.2,82.6,3.4,88.8,7.5,69.9,0.9,2.2,0.0,4.8,90.2,0.2,90.0,80.9,11.2,72.3,13.0,9.8
0500000US09001,94.1,83.4,3.6,87.1,5.9,70.5,1.0,3.1,0.0,5.9,90.8,0.2,90.6,81.6,8.4,80.9,3.6,9.2
0500000US09003,92.0,78.0,4.2,84.3,8.2,65.1,1.0,2.2,0.0,8.0,86.3,0.2,86.0,73.7,10.0,74.0,4.1,13.7
0500000US09005,91.7,81.3,6.9,80.3,5.1,63.3,1.4,2.5,0.0,8.3,86.3,0.3,85.9,69.3,6.3,77.8,3.3,13.7
0500000US09007,93.3,83.5,5.0,85.4,4.9,62.7,0.8,2.2,0.0,6.7,88.7,0.2,88.5,77.8,7.5,79.3,4.2,11.3
0500000US09009,90.6,76.2,4.6,82.1,9.0,60.1,1.3,1.9,0.0,9.4,84.3,0.3,84.0,70.5,9.9,72.9,2.7,15.7
0500000US09011,92.5,80.6,6.2,82.2,7.4,62.2,0.9,2.6,0.0,7.5,88.7,0.2,88.5,77.5,9.0,77.8,4.7,11.3
0500000US09013,93.5,85.6,5.2,84.4,3.8,66.5,1.0,2.8,0.0,6.5,88.1,0.4,87.8,68.1,6.0,80.9,2.7,11.9
0500000US09015,90.9,76.7,4.3,81.1,6.0,64.9,1.6,1.1,0.0,9.1,84.7,0.4,84.4,69.5,8.3,74.7,3.6,15.3
0500000US10001,89.3,72.4,4.5,81.4,9.2,60.2,1.0,2.3,0.0,10.7,86.0,0.3,85.7,76.8,14.6,68.3,4.9,14.0
0500000US10003,95.0,74.9,4.0,87.9,10.7,61.5,1.1,2.3,0.0,5.0,91.5,0.2,91.4,84.7,6.2,84.1,3.6,8.5
0500000US10005,90.7,76.7,6.3,80.6,7.7,61.3,0.9,2.8,0.0,9.3,83.9,0.2,83.7,73.0,14.5,65.1,6.0,16.1
0500000US11001,92.7,80.2,2.2,88.2,8.0,64.8,0.9,2.5,0.0,7.3,86.2,0.1,86.1,79.2,8.7,75.6,4.0,13.8
0500000US12001,95.5,86.2,2.8,90.0,5.9,61.4,1.1,2.3,0.0,4.5,86.9,0.1,86.8,80.8,5.7,77.1,6.4,13.1
0500000US12005,92.1,80.0,4.9,83.0,6.9,65.1,0.6,2.5,0.1,7.9,87.7,0.1,87.6,77.4,14.0,72.2,3.3,12.3
0500000US12009,92.6,84.5,6.1,83.7,5.0,64.8,0.8,2.0,0.0,7.4,89.2,0.4,88.8,75.0,7.2,78.1,6.0,10.8
0500000US12011,94.3,81.8,3.2,88.7,7.8,64.3,0.7,4.0,0.0,5.7,86.8,0.2,86.6,78.0,9.7,74.8,7.1,13.2
0500000US12015,90.6,79.8,6.0,79.6,5.7,62.5,0.7,2.2,0.1,9.4,86.4,0.2,86.2,74.3,11.0,72.7,6.1,13.6
0500000US12017,91.7,77.7,11.4,74.1,7.5,56.5,1.9,1.8,0.0,8.3,82.7,0.1,82.6,68.1,7.5,71.7,5.4,17.3
0500000US12019,96.5,85.1,4.5,88.9,8.1,69.1,0.5,2.5,0.1,3.5,92.8,0.2,92.6,86.2,11.6,76.2,7.5,7.2
0500000US12021,93.1,80.7,5.5,83.0,6.8,63.6,1.1,3.9,0.0,6.9,86.9,0.1,86.8,77.5,9.1,75.1,5.8,13.1
0500000US12023,93.5,73.5,5.6,84.0,12.5,62.0,2.2,1.9,0.0,6.5,80.1,0.2,79.9,71.5,17.4,49.9,13.6,19.9
0500000US12031,93.4,76.8,4.0,87.1,12.6,56.9,0.5,5.6,0.0,6.6,88.2,0.2,88.0,76.4,17.4,67.9,6.4,11.8
0500000US12033,92.0,80.3,5.0,84.0,7.0,59.5,0.8,1.6,0.0,8.0,83.8,0.2,83.6,75.6,8.3,72.1,5.6,16.2
0500000US12035,88.1,75.8,7.7,76.6,5.7,59.2,0.9,2.9,0.0,11.9,75.9,0.0,75.9,58.4,8.4,61.4,10.4,24.1
0500000US12053,93.3,84.5,8.5,79.7,5.0,64.8,0.9,4.7,0.0,6.7,87.3,0.3,87.0,75.2,7.5,76.9,5.3,12.7
0500000US12055,86.2,70.7,7.0,73.5,10.1,50.9,1.4,1.8,0.0,13.8,79.0,0.3,78.7,67.2,14.6,58.4,9.7,21.0
0500000US12057,95.2,80.8,3.0,89.9,9.6,64.6,0.7,3.3,0.0,4.8,89.1,0.1,89.0,83.5,10.7,76.5,3.6,10.9
0500000US12061,88.9,80.9,7.0,72.5,5.1,57.7,0.5,10.9,0.2,11.1,82.8,0.2,82.6,65.4,7.8,72.2,6.7,17.2
0500000US12069,93.5,79.9,5.5,83.7,7.4,67.9,1.3,1.9,0.0,6.5,89.4,0.2,89.2,79.5,13.2,72.2,7.1,10.6
0500000US12071,94.2,80.5,4.5,85.9,8.3,64.9,1.2,6.8,0.1,5.8,87.7,0.3,87.4,80.1,11.2,73.5,7.9,12.3
0500000US12073,94.2,83.1,3.3,89.4,7.5,64.0,0.1,2.2,0.0,5.8,88.2,0.1,88.1,80.3,12.0,74.0,4.3,11.8
0500000US12081,94.3,82.8,5.6,83.9,5.8,67.0,1.1,5.0,0.0,5.7,87.6,0.0,87.6,75.8,8.4,77.2,4.6,12.4
0500000US12083,88.9,75.9,8.0,75.7,9.1,52.5,1.0,1.9,0.0,11.1,84.0,0.3,83.6,69.7,9.3,69.2,8.2,16.0
0500000US12085,93.7,80.0,5.7,84.1,7.6,63.6,1.1,3.1,0.0,6.3,88.8,0.4,88.3,78.8,15.6,70.5,4.2,11.2
0500000US12086,93.5,76.9,2.4,89.7,12.5,57.2,0.4,4.0,0.0,6.5,79.5,0.1,79.4,69.2,9.9,67.2,7.4,20.5
0500000US12087,96.8,85.1,5.5,89.1,8.3,60.4,0.1,1.1,0.0,3.2,88.6,0.1,88.5,55.6,5.5,81.6,4.4,11.4
0500000US12089,96.0,83.3,5.3,88.3,7.1,64.2,0.6,3.3,0.0,4.0,89.6,1.1,88.6,73.3,21.0,63.2,6.6,10.4
0500000US12091,94.8,82.4,4.2,89.0,8.6,68.4,0.6,2.6,0.0,5.2,87.6,0.2,87.4,78.6,9.2,75.7,4.9,12.4
0500000US12095,95.3,82.8,2.2,91.2,8.2,66.4,0.6,3.0,0.0,4.7,88.9,0.2,88.7,82.2,12.0,74.9,5.1,11.1
0500000US12097,95.2,80.5,2.9,89.4,9.2,63.4,1.0,3.5,0.0,4.8,86.0,0.0,86.0,75.1,13.4,69.9,5.3,14.0
0500000US12099,94.6,81.0,4.1,87.3,8.4,65.3,1.1,3.0,0.0,5.4,88.2,0.3,87.9,77.2,12.2,72.9,6.5,11.8
0500000US12101,90.9,82.6,5.3,81.4,4.6,65.1,0.9,2.6,0.0,9.1,84.2,0.3,83.9,70.3,8.2,73.7,4.3,15.8
0500000US12103,91.3,80.4,6.0,81.9,6.7,61.5,1.0,2.3,0.0,8.7,84.2,0.3,84.0,74.2,8.3,74.3,3.3,15.8
0500000US12105,90.0,72.0,4.9,81.1,10.6,58.5,1.0,5.3,0.0,10.0,73.5,0.5,73.0,64.0,10.7,59.7,4.5,26.5
0500000US12107,89.1,66.0,4.4,76.7,15.0,49.0,4.4,1.6,0.0,10.9,83.0,0.4,82.6,67.8,18.9,55.8,11.0,17.0
0500000US12109,95.0,87.8,4.6,87.9,4.5,68.9,0.7,3.7,0.0,5.0,88.5,0.5,88.0,73.6,8.7,76.3,8.6,11.5
0500000US12111,95.6,81.8,4.1,88.1,7.2,66.8,0.7,2.7,0.0,4.4,89.8,0.0,89.8,82.4,9.6,78.1,9.5,10.2
0500000US12113,94.7,82.8,3.8,88.9,6.0,71.1,0.9,2.2,0.0,5.3,90.5,0.2,90.2,83.7,7.3,76.5,8.5,9.5
0500000US12115,93.3,81.7,6.3,81.7,6.8,62.9,1.2,2.6,0.0,6.7,87.8,0.1,87.7,77.6,11.4,74.5,3.6,12.2
0500000US12117,95.8,87.0,4.0,89.8,5.0,70.5,0.6,3.5,0.0,4.2,88.6,0.1,88.5,82.2,6.1,80.9,4.4,11.4
0500000US12119,93.3,86.7,9.5,77.1,3.8,66.3,0.5,4.2,0.0,6.7,89.9,0.5,89.4,74.6,12.8,71.3,9.6,10.1
0500000US12127,93.4,78.2,6.2,83.9,9.9,58.1,1.1,1.9,0.1,6.6,82.4,0.2,82.2,67.4,19.0,56.4,5.2,17.6
0500000US12131,92.9,81.3,3.6,87.1,4.1,71.7,1.4,2.6,0.3,7.1,88.7,1.0,87.7,79.6,9.3,69.6,9.0,11.3
0500000US13013,93.2,81.5,3.7,87.5,6.7,68.7,0.3,6.7,0.0,6.8,87.4,0.0,87.4,82.6,8.7,73.1,15.6,12.6
0500000US13015,94.3,77.6,3.4,87.4,10.5,63.1,2.2,2.3,0.0,5.7,77.6,0.0,77.6,69.4,16.5,55.2,9.4,22.4
0500000US13021,86.7,64.0,3.7,80.7,15.7,54.3,0.6,2.9,0.1,13.3,79.4,0.2,79.1,65.4,13.6,63.3,7.6,20.6
0500000US13031,89.9,71.9,3.0,84.2,14.4,57.2,0.9,1.0,0.0,10.1,79.7,0.0,79.7,73.1,11.9,63.5,5.7,20.3
0500000US13045,88.3,69.6,2.4,83.7,11.3,61.1,1.2,2.6,0.0,11.7,82.9,0.1,82.8,74.0,15.0,63.3,9.1,17.1
0500000US13047,89.0,75.6,6.9,80.2,6.0,61.2,0.9,1.2,0.0,11.0,87.9,0.2,87.7,76.5,13.4,72.0,5.6,12.1
0500000US13051,93.7,76.6,2.1,89.2,12.0,64.2,0.6,2.5,0.0,6.3,88.5,0.1,88.5,82.1,15.4,70.9,5.9,11.5
0500000US13057,97.5,89.9,2.5,93.2,3.6,76.0,1.1,4.2,0.0,2.5,94.7,0.0,94.7,88.6,7.7,83.9,10.1,5.3
0500000US13059,92.8,84.3,3.7,87.7,5.4,61.6,0.2,0.9,0.0,7.2,87.6,0.1,87.6,79.3,8.1,75.9,8.0,12.4
0500000US13063,93.1,73.5,3.4,87.6,14.3,53.7,0.6,1.6,0.0,6.9,78.7,0.4,78.2,69.0,11.2,63.4,7.1,21.3
0500000US13067,97.6,89.6,2.4,93.8,5.4,71.3,0.3,2.4,0.0,2.4,93.7,0.2,93.5,88.0,6.2,84.2,7.5,6.3
0500000US13073,93.5,81.8,2.5,88.6,4.1,78.9,1.0,3.0,0.1,6.5,88.4,0.0,88.4,80.3,8.2,76.3,7.6,11.6
0500000US13077,92.4,78.5,3.1,87.7,9.1,68.1,0.3,4.0,0.0,7.6,84.9,0.1,84.8,77.1,7.9,73.4,9.9,15.1
0500000US13089,93.8,78.0,2.8,89.2,10.2,63.4,0.6,3.2,0.0,6.2,87.7,0.1,87.6,82.4,14.0,68.6,7.0,12.3
0500000US13095,88.7,63.1,6.4,79.6,20.1,44.2,0.6,3.0,0.0,11.3,76.4,0.0,76.4,67.7,20.2,51.8,8.7,23.6
0500000US13097,97.0,77.8,2.0,92.7,11.4,68.8,0.8,2.3,0.0,3.0,86.4,0.4,86.0,76.3,15.8,66.3,10.0,13.6
0500000US13113,93.9,87.6,2.4,88.7,3.9,77.2,1.1,3.8,0.0,6.1,90.8,0.4,90.5,84.8,5.9,82.3,9.4,9.2
0500000US13115,84.6,63.2,2.8,78.9,16.7,52.9,0.9,1.3,0.1,15.4,76.9,0.0,76.9,71.5,13.5,58.0,8.8,23.1
0500000US13117,97.6,92.0,2.4,92.9,3.4,80.8,0.7,4.1,0.1,2.4,95.7,0.1,95.6,91.4,5.8,87.2,12.2,4.3
0500000US13121,94.0,83.7,2.4,90.4,6.9,66.6,0.3,2.6,0.0,6.0,89.3,0.1,89.2,80.7,10.6,76.5,5.3,10.7
0500000US13127,90.8,74.5,5.5,82.5,12.0,59.7,1.1,3.6,0.0,9.2,82.8,0.1,82.7,73.4,11.9,66.5,7.9,17.2
0500000US13135,95.8,86.1,2.2,91.6,6.2,71.6,0.6,2.7,0.0,4.2,89.9,0.0,89.9,84.4,7.5,80.6,9.5,10.1
0500000US13139,93.2,76.7,3.8,86.3,9.5,66.1,0.4,2.1,0.0,6.8,88.2,0.2,88.0,81.6,14.5,69.5,8.8,11.8
0500000US13151,97.0,89.6,3.6,90.3,4.8,65.9,0.6,1.8,0.0,3.0,85.5,0.2,85.3,75.6,7.8,73.9,7.6,14.5
0500000US13153,94.5,79.4,2.5,90.3,9.6,64.6,0.8,4.5,0.0,5.5,87.8,0.1,87.7,81.6,11.1,72.4,10.3,12.2
0500000US13157,93.2,81.3,1.9,87.2,7.3,73.4,0.8,3.2,0.0,6.8,89.7,0.0,89.7,85.0,16.1,70.2,11.4,10.3
0500000US13185,78.9,65.3,3.8,72.1,9.5,42.8,1.0,1.2,0.0,21.1,56.6,0.2,56.4,49.1,9.3,44.1,7.8,43.4
0500000US13215,89.8,69.9,3.1,83.4,12.8,56.4,0.8,2.2,0.0,10.2,82.1,0.2,81.9,74.0,10.2,65.1,6.3,17.9
0500000US13217,97.3,86.1,2.8,91.8,6.4,72.1,1.1,1.5,0.0,2.7,93.1,0.3,92.9,84.2,9.5,80.2,9.9,6.9
0500000US13223,95.3,84.4,1.7,92.0,8.2,72.7,0.1,4.0,0.0,4.7,90.2,0.1,90.1,84.9,9.9,76.4,8.2,9.8
0500000US13245,88.1,65.1,3.6,81.3,15.6,54.9,1.1,5.0,0.0,11.9,77.9,0.4,77.4,70.0,14.7,58.8,5.5,22.1
0500000US13247,96.2,80.2,2.4,90.7,9.5,63.4,0.2,3.6,0.0,3.8,86.7,1.2,85.5,77.4,14.4,68.4,6.7,13.3
0500000US13255,88.4,68.7,3.8,81.6,14.7,49.0,1.7,0.4,0.0,11.6,67.2,0.0,67.2,57.6,14.9,47.4,8.0,32.8
0500000US13285,88.8,62.0,5.0,81.3,17.1,50.9,0.9,2.0,0.3,11.2,77.2,0.2,76.9,58.7,14.5,51.1,9.4,22.8
0500000US13295,86.4,70.3,4.7,76.2,10.7,59.4,1.5,1.6,0.0,13.6,79.6,0.1,79.5,68.5,13.4,63.0,2.4,20.4
0500000US13297,91.5,76.8,3.3,86.6,8.6,69.4,0.5,1.5,0.0,8.5,89.1,0.2,88.9,83.7,10.5,74.6,10.2,10.9
0500000US13313,86.3,65.7,4.6,79.3,14.3,46.4,1.0,8.6,0.0,13.7,82.2,0.0,82.2,56.1,20.7,58.5,5.0,17.8
0500000US15001,86.0,70.0,7.1,74.9,7.5,58.7,1.5,1.7,0.0,14.0,75.7,0.2,75.5,64.7,9.9,60.4,7.0,24.3
0500000US15003,92.9,81.1,2.9,87.4,6.5,69.1,0.8,2.6,0.1,7.1,88.4,0.1,88.3,81.9,9.8,76.9,3.4,11.6
0500000US15007,89.8,78.2,4.6,82.8,5.8,59.9,1.9,1.5,0.0,10.2,88.5,0.4,88.1,81.6,11.2,75.5,2.3,11.5
0500000US15009,92.4,78.5,2.9,86.7,8.7,63.6,1.4,2.5,0.0,7.6,84.2,0.5,83.7,76.5,6.2,76.3,6.4,15.8
0500000US16001,96.3,89.8,3.9,89.7,2.8,72.1,1.1,4.8,0.0,3.7,90.1,0.4,89.7,83.3,7.8,78.1,14.0,9.9
0500000US16005,93.9,79.4,4.2,86.7,8.6,65.3,0.7,3.9,0.1,6.1,87.6,0.4,87.2,78.5,14.5,66.9,9.1,12.4
0500000US16019,94.9,81.1,3.4,89.0,6.3,72.5,0.7,2.0,0.0,5.1,90.7,0.3,90.4,83.6,11.6,71.7,10.2,9.3
0500000US16027,94.8,80.2,4.9,86.1,7.4,69.2,0.9,2.2,0.0,5.2,88.6,0.2,88.4,79.7,14.3,66.3,10.9,11.4
0500000US16055,90.9,77.1,4.5,83.6,8.3,62.2,1.1,2.1,0.1,9.1,84.7,0.2,84.5,75.8,14.1,62.2,8.9,15.3
0500000US16083,91.0,75.3,2.4,82.1,10.0,60.0,1.6,1.4,0.0,9.0,84.8,0.4,84.4,71.6,11.6,61.9,13.8,15.2
0500000US17001,87.2,72.8,5.1,78.0,7.1,58.8,2.0,2.3,0.3,12.8,82.4,0.1,82.3,67.7,12.1,61.9,11.4,17.6
0500000US17019,93.4,81.7,3.8,86.8,6.0,64.2,1.2,2.0,0.0,6.6,84.5,0.4,84.1,79.0,9.9,68.2,7.5,15.5
0500000US17031,91.2,77.0,3.2,85.5,9.3,60.6,0.7,3.4,0.0,8.8,84.4,0.2,84.2,75.9,11.7,69.9,5.9,15.6
0500000US17037,95.5,84.5,2.7,88.8,7.0,69.4,1.1,1.9,0.0,4.5,90.5,0.3,90.1,82.9,10.8,75.4,7.0,9.5
0500000US17043,95.1,86.8,3.1,89.2,4.3,74.0,0.6,2.9,0.0,4.9,92.1,0.2,91.9,85.4,8.1,82.0,5.3,7.9
0500000US17089,94.0,81.4,3.8,87.9,7.8,68.0,0.5,2.1,0.1,6.0,89.1,0.3,88.8,82.4,8.9,76.4,7.9,10.9
0500000US17091,88.8,72.9,5.4,79.5,8.9,60.9,1.7,0.4,0.0,11.2,79.5,0.3,79.2,72.6,8.8,63.3,10.9,20.5
0500000US17093,96.2,89.6,2.4,91.5,3.9,80.8,0.5,2.1,0.0,3.8,91.8,0.1,91.7,83.5,4.4,82.7,9.8,8.2
0500000US17097,95.0,85.0,4.1,88.7,5.3,73.0,0.5,2.7,0.0,5.0,91.3,0.3,91.0,84.3,8.7,79.4,6.1,8.7
0500000US17099,89.9,69.9,4.1,83.1,12.6,57.3,0.9,1.4,0.0,10.1,84.9,0.3,84.6,73.4,15.8,61.6,9.5,15.1
0500000US17111,96.0,85.4,3.9,88.7,4.2,75.3,1.0,2.1,0.0,4.0,93.7,0.3,93.4,86.5,10.5,78.7,8.3,6.3
0500000US17113,95.4,85.5,2.9,90.4,6.3,68.6,0.5,2.0,0.0,4.6,85.0,0.3,84.8,70.4,12.7,69.3,4.9,15.0
0500000US17115,87.9,69.8,5.7,79.3,11.1,54.9,0.9,3.6,0.0,12.1,82.2,0.1,82.1,69.9,14.0,64.1,6.4,17.8
0500000US17119,91.1,77.2,5.9,81.3,7.5,63.2,1.0,2.5,0.1,8.9,87.1,0.3,86.8,74.5,8.8,72.1,9.4,12.9
0500000US17143,90.8,72.3,3.0,84.7,13.4,57.5,0.7,1.9,0.0,9.2,83.0,0.3,82.7,61.8,12.5,67.5,5.8,17.0
0500000US17161,90.5,73.7,3.8,82.5,10.1,58.6,1.4,2.2,0.0,9.5,84.0,0.3,83.7,75.4,16.5,63.2,7.1,16.0
0500000US17163,91.1,73.0,5.3,82.4,13.7,55.9,0.8,2.6,0.1,8.9,77.4,0.5,76.8,63.0,10.1,61.3,7.6,22.6
0500000US17167,92.1,74.6,4.1,84.5,12.1,61.9,1.0,2.7,0.0,7.9,80.6,0.4,80.2,70.4,12.1,64.1,7.1,19.4
0500000US17179,89.2,71.8,4.2,81.2,11.6,59.8,1.2,2.0,0.1,10.8,84.6,0.2,84.4,71.7,13.9,66.5,4.4,15.4
0500000US17183,82.2,65.7,5.6,73.8,12.8,42.5,1.2,1.8,0.0,17.8,76.5,0.3,76.2,67.7,14.8,49.5,14.6,23.5
0500000US17197,95.1,84.5,3.5,88.8,6.0,72.9,0.7,2.2,0.1,4.9,90.4,0.2,90.2,79.8,7.9,79.3,7.3,9.6
0500000US17199,82.0,55.3,3.4,75.0,17.9,47.5,1.5,2.2,0.0,18.0,76.5,0.3,76.2,71.1,24.8,45.0,8.7,23.5
0500000US17201,91.2,72.9,5.1,82.6,10.5,60.9,1.4,1.7,0.0,8.8,86.9,0.1,86.9,76.5,13.8,69.4,6.3,13.1
0500000US18003,91.8,76.4,4.5,84.1,9.7,63.6,1.0,1.9,0.1,8.2,85.8,0.2,85.6,77.6,12.5,70.2,4.9,14.2
0500000US18005,87.8,74.2,2.2,80.3,7.6,65.3,1.4,2.6,0.0,12.2,83.8,0.2,83.6,76.2,12.8,65.9,8.1,16.2
0500000US18011,94.8,89.4,3.7,90.0,1.3,73.8,0.0,1.5,0.0,5.2,93.8,0.6,93.2,81.7,8.7,79.0,11.5,6.2
0500000US18019,92.7,76.4,4.5,83.8,9.5,64.4,1.3,1.6,0.0,7.3,77.2,0.1,77.1,69.7,11.7,61.0,7.3,22.8
0500000US18035,89.3,76.4,4.6,80.8,7.6,59.3,1.1,1.7,0.0,10.7,79.6,0.3,79.3,71.3,11.5,64.1,8.9,20.4
0500000US18039,90.7,72.6,4.0,83.0,12.2,59.2,1.3,2.4,0.0,9.3,85.0,0.2,84.7,75.0,15.4,65.3,6.7,15.0
0500000US18043,93.9,78.7,4.6,87.0,9.1,63.7,0.5,2.5,0.0,6.1,82.1,0.2,81.9,73.0,12.1,65.6,9.0,17.9
0500000US18053,88.0,68.6,6.5,75.0,12.4,53.4,1.0,3.3,0.2,12.0,76.3,0.2,76.1,61.6,13.2,57.5,8.8,23.7
0500000US18057,97.6,91.9,1.3,94.3,3.3,81.4,0.3,3.2,0.0,2.4,94.3,0.1,94.2,90.6,7.6,84.6,7.4,5.7
0500000US18059,94.5,80.3,4.2,86.0,9.4,68.1,0.7,1.4,0.0,5.5,83.4,0.4,83.0,71.6,9.3,70.5,8.0,16.6
0500000US18063,97.6,88.0,3.0,90.8,4.9,77.7,1.0,2.1,0.0,2.4,91.1,0.2,90.9,82.5,6.6,80.0,10.9,8.9
0500000US18067,93.3,77.6,5.7,83.8,10.1,57.2,0.9,1.9,0.1,6.7,79.4,0.0,79.4,69.8,12.8,62.0,7.8,20.6
0500000US18081,95.2,83.3,3.6,88.8,7.3,72.4,0.7,2.6,0.0,4.8,91.1,0.3,90.9,84.7,7.7,79.5,9.1,8.9
0500000US18085,92.7,75.7,5.6,83.3,8.3,65.5,1.0,1.6,0.0,7.3,82.2,0.5,81.8,70.9,13.2,62.8,9.7,17.8
0500000US18089,88.9,70.2,4.9,81.4,11.6,58.2,1.1,2.2,0.0,11.1,83.6,0.2,83.4,74.3,11.0,67.6,7.4,16.4
0500000US18091,92.2,73.2,6.2,81.9,12.3,56.0,0.4,1.9,0.0,7.8,82.0,0.3,81.8,56.5,12.4,63.9,6.7,18.0
0500000US18095,88.8,69.0,4.5,81.2,12.0,56.1,1.0,1.4,0.0,11.2,81.5,0.2,81.2,72.9,11.1,65.7,8.0,18.5
0500000US18097,89.1,72.2,4.1,82.5,11.2,53.5,0.8,1.5,0.0,10.9,81.2,0.1,81.1,73.9,12.5,65.8,6.1,18.8
0500000US18105,94.5,85.5,3.2,88.2,4.6,65.5,1.1,1.5,0.0,5.5,88.3,0.0,88.3,80.4,5.7,80.7,5.0,11.7
0500000US18109,90.4,74.5,4.9,81.0,5.8,65.0,1.2,1.0,0.0,9.6,86.5,0.5,86.0,75.9,18.7,57.9,15.4,13.5
0500000US18127,91.9,79.9,4.4,84.9,7.3,60.4,0.5,1.4,0.0,8.1,86.6,0.2,86.4,61.7,7.3,76.1,4.9,13.4
0500000US18141,90.6,74.7,4.9,82.1,10.8,58.8,1.3,2.0,0.0,9.4,81.4,0.4,80.9,70.4,13.1,63.8,8.4,18.6
0500000US18157,95.8,78.2,3.7,90.5,10.6,63.8,0.3,1.7,0.0,4.2,86.9,0.1,86.8,76.1,10.9,71.4,6.1,13.1
0500000US18163,90.2,70.6,4.0,81.8,12.5,58.6,1.3,1.9,0.0,9.8,83.6,0.2,83.4,71.5,11.9,68.6,4.6,16.4
0500000US18167,94.8,75.6,6.5,84.2,10.1,63.2,1.4,1.7,0.1,5.2,88.2,0.1,88.2,76.4,13.8,70.0,6.4,11.8
0500000US18177,88.4,68.6,7.0,78.0,11.8,54.8,0.9,1.8,0.1,11.6,77.3,0.4,76.9,69.3,19.0,49.1,9.6,22.7
0500000US19013,90.3,75.4,4.2,83.0,9.6,61.6,0.7,2.0,0.0,9.7,85.0,0.3,84.7,76.9,14.6,67.3,4.9,15.0
0500000US19049,96.3,85.5,2.3,91.5,7.2,71.0,0.6,1.5,0.0,3.7,90.8,0.0,90.8,85.9,10.2,75.5,9.3,9.2
0500000US19061,88.7,70.0,4.9,78.5,12.9,58.3,1.1,1.9,0.0,11.3,84.4,0.4,83.9,74.0,13.4,63.2,11.9,15.6
0500000US19103,96.8,87.9,2.1,90.0,5.3,71.9,1.4,2.3,0.0,3.2,90.4,0.1,90.3,82.7,7.1,80.0,5.0,9.6
0500000US19113,92.4,80.7,3.2,85.2,5.8,65.8,1.2,2.9,0.0,7.6,87.9,0.4,87.5,73.9,10.1,74.8,5.0,12.1
0500000US19153,93.8,79.4,3.5,86.7,7.6,66.9,1.3,1.6,0.0,6.2,87.5,0.2,87.2,79.5,10.5,73.2,6.6,12.5
0500000US19155,89.2,74.8,6.7,77.9,9.2,59.3,0.8,2.7,0.0,10.8,79.9,0.0,79.9,69.5,11.6,62.6,8.2,20.1
0500000US19163,91.1,76.6,3.3,85.2,9.2,61.3,1.1,1.3,0.0,8.9,86.0,0.1,85.9,79.9,11.1,71.8,7.1,14.0
0500000US19169,95.8,85.3,3.9,90.4,7.2,63.7,0.5,1.8,0.0,4.2,78.2,0.4,77.8,71.6,9.2,65.7,5.8,21.8
0500000US19193,89.9,71.3,5.0,80.6,10.2,62.7,0.7,2.1,0.0,10.1,83.8,0.4,83.3,72.6,14.5,64.3,9.1,16.2
0500000US20015,91.0,81.5,4.8,82.6,5.4,69.2,0.8,3.1,0.1,9.0,86.3,0.2,86.1,78.3,12.2,61.4,13.4,13.7
0500000US20045,96.0,84.8,3.7,89.4,5.0,69.7,0.8,2.7,0.0,4.0,89.2,0.4,88.7,83.0,10.3,74.8,6.5,10.8
0500000US20091,96.4,88.9,3.2,91.1,3.6,75.1,0.5,2.9,0.0,3.6,93.4,0.2,93.1,86.9,7.7,83.7,3.8,6.6
0500000US20103,91.7,75.7,3.9,85.0,8.4,65.7,0.2,2.3,0.0,8.3,85.5,0.0,85.5,73.5,11.8,66.1,8.1,14.5
0500000US20161,97.5,88.1,3.7,91.2,3.3,69.3,1.5,4.1,0.0,2.5,89.0,0.0,89.0,83.2,14.8,70.2,6.1,11.0
0500000US20173,92.9,75.6,3.7,86.3,11.4,60.3,0.8,2.4,0.0,7.1,85.7,0.3,85.4,77.0,11.5,69.7,7.9,14.3
0500000US20177,89.3,72.7,4.3,80.9,10.1,53.8,1.4,1.8,0.0,10.7,72.0,0.4,71.6,62.6,9.9,58.4,5.2,28.0
0500000US20209,91.1,63.7,4.6,83.3,18.1,52.7,1.4,1.3,0.0,8.9,81.6,0.2,81.4,73.6,17.5,61.2,3.5,18.4
0500000US21015,96.5,84.8,3.9,89.9,6.4,74.4,0.8,3.5,0.0,3.5,91.4,0.4,90.9,79.9,8.2,80.3,5.8,8.6
0500000US21029,92.9,77.3,5.7,83.2,6.4,64.4,0.9,1.0,0.0,7.1,86.0,0.3,85.7,76.4,6.8,76.4,8.8,14.0
0500000US21037,90.7,78.6,3.8,83.1,6.7,64.5,0.7,8.9,0.0,9.3,82.8,2.8,80.0,73.9,9.4,67.8,3.4,17.2
0500000US21047,88.7,67.3,2.7,82.1,13.9,53.9,1.2,1.9,0.0,11.3,81.2,0.5,80.8,71.2,31.2,45.1,8.7,18.8
0500000US21059,89.6,69.7,4.1,81.5,12.6,60.1,1.3,2.6,0.0,10.4,86.8,0.2,86.7,78.9,12.2,68.6,7.4,13.2
0500000US21067,95.8,80.7,3.2,89.4,7.9,67.0,1.1,4.4,0.0,4.2,90.7,0.1,90.5,80.1,10.8,77.5,4.0,9.3
0500000US21093,90.5,70.1,4.8,82.2,10.1,61.6,1.9,3.0,0.0,9.5,76.1,0.2,75.9,64.5,8.1,66.1,5.5,23.9
0500000US21111,90.4,74.3,3.9,83.5,10.2,59.5,1.1,2.0,0.0,9.6,86.6,0.2,86.5,80.2,14.3,69.6,5.5,13.4
0500000US21117,92.9,80.2,3.6,85.5,6.7,68.3,0.9,3.4,0.0,7.1,89.7,0.3,89.4,79.2,10.4,77.3,3.2,10.3
0500000US21145,91.6,74.3,3.9,84.4,11.3,58.4,1.3,1.5,0.0,8.4,85.5,0.0,85.5,77.2,25.2,55.2,8.8,14.5
0500000US21151,91.2,79.4,4.3,82.4,5.9,66.6,1.2,3.0,0.0,8.8,87.5,1.0,86.4,75.5,13.1,68.0,10.2,12.5
0500000US21185,96.5,86.1,2.2,91.5,6.8,76.4,0.4,3.8,0.2,3.5,93.9,0.5,93.5,87.9,8.5,80.3,8.3,6.1
0500000US21227,93.2,78.2,4.5,85.3,8.6,65.8,0.7,3.0,0.0,6.8,87.1,0.3,86.7,79.7,10.9,72.9,4.8,12.9
0500000US22005,93.1,74.5,2.6,88.5,7.6,72.3,0.4,5.4,0.0,6.9,89.1,0.3,88.7,82.7,9.4,78.0,5.5,10.9
0500000US22015,90.1,72.5,3.0,85.5,13.9,41.3,0.4,2.0,0.0,9.9,60.4,0.1,60.3,53.9,12.4,44.2,8.1,39.6
0500000US22017,87.1,61.8,4.4,79.9,18.9,42.4,1.1,1.7,0.0,12.9,67.0,0.3,66.7,59.9,12.7,50.6,7.4,33.0
0500000US22019,87.1,67.7,3.0,80.8,13.0,53.0,1.7,0.8,0.0,12.9,77.4,0.1,77.3,69.9,10.8,61.8,8.2,22.6
0500000US22033,91.8,73.8,2.7,87.4,12.8,58.3,0.7,2.6,0.0,8.2,87.0,0.2,86.8,80.5,12.0,71.7,6.0,13.0
0500000US22045,85.4,63.0,3.4,78.8,14.3,50.9,1.1,1.3,0.0,14.6,81.3,0.0,81.3,75.6,13.7,61.5,9.5,18.7
0500000US22051,88.8,70.3,4.2,82.1,12.0,55.3,0.9,3.7,0.0,11.2,81.1,0.2,81.0,73.0,11.6,67.1,10.1,18.9
0500000US22055,93.2,74.2,2.4,88.3,12.7,60.8,0.7,1.4,0.0,6.8,87.5,0.1,87.4,80.2,7.8,77.5,3.8,12.5
0500000US22057,87.2,65.6,2.9,81.4,12.5,61.2,0.4,0.6,0.0,12.8,79.6,0.0,79.6,66.9,10.7,65.1,6.6,20.4
0500000US22063,94.9,76.2,2.6,89.4,8.1,66.3,0.6,1.3,0.0,5.1,87.6,0.1,87.5,48.1,5.3,79.0,5.1,12.4
0500000US22071,87.9,66.2,3.2,81.0,15.9,50.1,1.1,4.0,0.0,12.1,78.0,0.1,78.0,67.7,17.1,59.0,4.1,22.0
0500000US22073,82.9,64.3,3.0,76.0,13.0,50.9,1.5,2.8,0.1,17.1,76.3,0.7,75.6,64.5,18.5,53.4,6.8,23.7
0500000US22079,89.6,68.2,4.2,80.1,12.3,62.3,1.1,1.9,0.0,10.4,84.3,0.4,83.9,75.8,12.5,62.1,13.5,15.7
0500000US22097,74.1,50.2,5.8,66.6,18.1,33.5,1.3,1.4,0.0,25.9,58.1,0.5,57.6,43.2,17.3,34.1,7.1,41.9
0500000US22103,93.2,80.0,3.4,86.5,7.6,68.0,1.2,6.3,0.1,6.8,86.8,0.2,86.6,80.9,8.7,74.9,7.3,13.2
0500000US22105,87.7,65.5,4.4,80.7,14.0,55.8,1.1,1.6,0.2,12.3,81.8,0.1,81.7,73.5,11.9,63.9,9.0,18.2
0500000US22109,88.0,67.8,3.6,79.6,10.0,63.1,1.1,1.4,0.0,12.0,83.8,0.2,83.5,67.3,11.0,68.6,9.3,16.2
0500000US23001,91.0,76.0,8.6,76.3,8.4,58.8,1.3,6.2,0.0,9.0,84.2,0.3,83.9,71.7,8.2,73.7,3.4,15.8
0500000US23003,83.1,66.1,10.6,61.4,7.0,51.8,4.1,1.0,0.0,16.9,70.7,1.9,68.9,47.6,7.6,56.7,4.9,29.3
0500000US23005,93.0,86.1,5.4,83.2,2.7,67.8,1.1,2.3,0.0,7.0,89.8,0.2,89.5,79.4,7.3,80.6,2.1,10.2
0500000US23011,89.0,75.9,6.8,77.6,6.5,57.2,0.8,1.7,0.0,11.0,82.7,0.6,82.1,68.1,6.3,73.6,4.0,17.3
0500000US23019,90.1,76.5,8.5,74.8,6.9,60.6,2.2,1.6,0.0,9.9,84.5,0.8,83.7,66.7,7.8,72.0,4.3,15.5
0500000US23031,91.9,81.5,6.8,79.4,5.1,66.9,1.7,2.6,0.0,8.1,87.1,0.7,86.5,73.2,7.3,76.7,4.6,12.9
0500000US24001,83.9,66.9,5.2,74.1,10.6,56.1,1.2,1.7,0.0,16.1,79.0,0.3,78.7,70.7,14.2,58.6,7.6,21.0
0500000US24003,94.8,87.1,3.4,88.6,4.0,73.4,0.5,2.4,0.0,5.2,92.3,0.0,92.3,84.9,8.9,82.6,2.2,7.7
0500000US24005,92.8,82.5,4.4,85.1,5.7,67.6,0.9,3.0,0.0,7.2,88.5,0.2,88.3,81.2,10.0,76.5,4.0,11.5
0500000US24009,93.3,87.6,3.2,88.7,3.5,74.8,0.1,2.5,0.0,6.7,89.8,0.0,89.8,81.6,7.6,79.0,5.8,10.2
0500000US24013,91.1,82.7,2.8,85.7,4.4,69.5,0.6,2.2,0.1,8.9,88.6,0.3,88.3,81.3,21.7,62.2,5.5,11.4
0500000US24015,89.1,78.1,6.0,79.9,6.8,61.8,0.3,1.1,0.0,10.9,83.6,0.1,83.4,68.4,10.9,67.9,5.1,16.4
0500000US24017,92.0,84.3,3.2,86.6,3.7,73.5,0.5,7.6,0.0,8.0,87.8,0.3,87.5,79.6,8.6,77.1,4.9,12.2
0500000US24021,94.0,85.4,3.1,87.7,4.9,72.7,0.7,3.0,0.2,6.0,91.0,0.2,90.8,83.1,8.9,78.0,7.0,9.0
0500000US24025,93.2,86.5,4.3,85.4,3.7,70.9,0.7,3.2,0.1,6.8,89.8,0.4,89.4,79.9,8.0,78.9,4.2,10.2
0500000US24027,97.1,90.5,2.4,92.4,3.4,77.7,0.5,3.1,0.0,2.9,94.8,0.3,94.6,89.9,5.9,87.7,2.7,5.2
0500000US24031,96.6,90.4,3.8,90.7,3.5,74.1,0.6,3.5,0.0,3.4,93.1,0.2,92.9,86.0,6.1,85.8,4.4,6.9
0500000US24033,95.3,80.7,3.8,88.6,9.0,67.5,0.8,2.3,0.0,4.7,88.9,0.1,88.9,80.5,8.8,78.3,5.5,11.1
0500000US24037,92.1,83.4,6.4,81.6,4.3,68.3,1.5,3.7,0.0,7.9,87.3,0.3,87.0,74.6,7.5,74.7,9.4,12.7
0500000US24043,88.4,74.0,5.9,78.5,8.4,59.7,0.6,1.6,0.0,11.6,83.1,0.2,82.9,71.1,11.9,66.4,8.2,16.9
0500000US24045,88.3,71.9,3.8,79.9,8.8,59.9,1.6,2.0,0.0,11.7,81.7,0.2,81.6,74.2,9.7,68.8,6.1,18.3
0500000US24510,88.3,67.6,4.3,81.2,13.3,53.3,1.1,2.4,0.1,11.7,78.3,0.2,78.0,71.0,16.3,59.3,4.3,21.7
0500000US25001,94.8,84.9,7.2,82.3,3.3,65.7,2.0,1.8,0.0,5.2,90.0,0.1,89.9,78.8,7.4,81.4,2.8,10.0
0500000US25003,89.9,79.7,6.7,75.7,4.8,62.1,2.0,1.5,0.0,10.1,86.4,0.3,86.1,72.7,7.7,73.6,4.3,13.6
0500000US25005,89.0,75.3,5.1,80.3,8.1,60.0,1.2,1.9,0.0,11.0,83.3,0.2,83.1,72.8,9.1,71.7,2.8,16.7
0500000US25009,92.2,79.9,4.9,83.2,6.2,66.7,1.5,1.9,0.0,7.8,87.9,0.2,87.7,76.3,6.4,79.9,2.6,12.1
0500000US25011,91.0,76.5,8.4,74.6,7.0,59.2,3.4,2.5,0.0,9.0,82.4,0.4,82.0,65.6,6.7,69.0,7.4,17.6
0500000US25013,87.0,71.2,5.4,77.2,9.9,56.6,1.4,1.5,0.0,13.0,80.7,0.5,80.2,64.5,9.9,69.0,2.4,19.3
0500000US25015,93.0,85.8,7.3,81.3,3.6,65.4,1.0,2.9,0.0,7.0,87.9,0.5,87.4,74.7,6.4,78.8,2.5,12.1
0500000US25017,94.2,86.8,4.7,86.3,3.7,70.4,0.9,2.3,0.0,5.8,91.2,0.1,91.1,80.7,6.7,83.4,2.3,8.8
0500000US25021,94.6,87.1,4.7,86.5,3.4,72.0,1.5,2.1,0.0,5.4,91.6,0.2,91.4,83.2,6.9,83.2,2.6,8.4
0500000US25023,93.9,82.4,5.7,83.9,5.6,69.8,1.8,2.5,0.0,6.1,88.6,0.1,88.5,77.9,7.1,79.9,2.3,11.4
0500000US25025,92.3,79.1,3.0,87.5,8.7,60.0,0.6,2.0,0.0,7.7,86.8,0.2,86.7,81.1,9.9,75.4,3.1,13.2
0500000US25027,92.4,81.2,5.2,83.3,5.9,66.2,1.1,2.2,0.0,7.6,88.7,0.3,88.4,79.7,10.7,75.4,3.1,11.3
0500000US26005,90.9,75.2,4.3,83.4,11.2,53.8,0.9,2.1,0.0,9.1,85.1,0.5,84.6,76.2,30.7,45.6,9.4,14.9
0500000US26017,89.6,73.5,4.4,81.3,10.6,54.8,1.5,1.1,0.0,10.4,85.5,0.1,85.5,76.8,15.2,66.5,6.0,14.5
0500000US26021,89.9,74.2,5.1,80.5,10.3,58.9,1.0,2.3,0.1,10.1,74.2,0.2,74.1,64.5,14.4,54.8,6.6,25.8
0500000US26025,91.1,69.5,6.3,79.5,15.1,51.8,1.5,1.1,0.1,8.9,83.8,0.3,83.6,75.0,22.7,55.2,7.0,16.2
0500000US26037,91.8,81.0,4.3,84.1,6.5,61.6,0.9,1.9,0.0,8.2,87.0,0.5,86.6,63.7,12.6,66.9,8.5,13.0
0500000US26045,93.7,78.6,5.3,84.8,8.5,64.5,0.5,3.1,0.0,6.3,87.8,0.4,87.5,74.2,13.2,66.0,12.3,12.2
0500000US26049,87.6,69.3,4.6,78.7,10.7,55.4,1.7,1.9,0.0,12.4,80.6,0.3,80.3,64.9,9.7,68.1,3.8,19.4
0500000US26055,94.1,83.4,6.4,84.3,5.8,69.7,0.6,1.9,0.0,5.9,86.5,0.2,86.2,77.7,11.8,71.2,3.5,13.5
0500000US26065,94.3,81.2,3.9,86.3,7.7,64.1,1.3,3.1,0.0,5.7,84.0,0.1,83.8,74.7,8.4,71.3,6.9,16.0
0500000US26073,92.0,76.4,4.0,83.9,8.2,59.6,1.7,3.1,0.1,8.0,79.2,0.3,78.9,64.8,13.7,59.2,11.3,20.8
0500000US26075,89.8,70.1,4.8,79.7,13.2,55.1,2.0,1.7,0.0,10.2,83.6,0.3,83.3,74.0,16.2,63.2,6.0,16.4
0500000US26077,92.7,80.4,4.7,84.1,6.3,65.9,1.4,1.6,0.0,7.3,89.5,0.7,88.8,80.7,11.2,73.9,5.6,10.5
0500000US26081,93.0,78.7,4.0,85.3,8.3,65.5,1.3,1.8,0.0,7.0,87.7,0.2,87.5,79.0,10.6,73.7,6.3,12.3
0500000US26087,89.9,75.0,6.4,79.0,9.5,59.5,1.9,1.3,0.1,10.1,84.4,0.7,83.7,74.1,17.0,56.4,10.3,15.6
0500000US26091,90.4,72.5,5.5,80.3,9.6,61.7,1.3,2.3,0.0,9.6,82.9,0.3,82.6,74.8,15.1,59.6,7.6,17.1
0500000US26093,95.9,86.6,4.9,88.5,5.4,70.9,0.8,2.7,0.0,4.1,90.8,0.1,90.7,82.5,7.2,78.7,7.6,9.2
0500000US26099,92.2,77.8,4.5,84.3,8.6,62.8,0.8,2.1,0.0,7.8,88.7,0.2,88.5,80.3,12.1,74.0,5.1,11.3
0500000US26103,88.2,78.7,7.1,74.4,4.8,59.6,1.5,2.4,0.0,11.8,82.1,0.1,82.1,68.3,10.5,66.6,5.4,17.9
0500000US26111,87.8,76.0,3.1,79.2,6.8,63.6,0.9,2.2,0.1,12.2,82.7,0.0,82.7,75.7,15.1,62.5,7.7,17.3
0500000US26115,90.9,76.8,5.6,80.0,7.0,66.7,1.6,1.8,0.0,9.1,84.1,0.2,83.9,69.8,9.1,68.2,7.3,15.9
0500000US26121,90.4,68.3,5.6,79.9,14.8,55.3,1.2,2.5,0.0,9.6,83.6,0.7,82.9,73.3,17.9,61.1,5.3,16.4
0500000US26125,93.6,84.3,3.6,87.0,5.3,69.1,0.7,2.5,0.0,6.4,90.3,0.1,90.2,79.8,7.8,79.2,5.9,9.7
0500000US26139,94.0,83.4,4.0,86.6,6.7,68.0,0.4,1.9,0.0,6.0,88.8,0.3,88.5,80.0,11.7,73.1,4.7,11.2
0500000US26145,88.1,69.3,5.8,77.9,10.2,56.9,1.3,2.3,0.0,11.9,83.1,0.4,82.7,66.6,14.2,63.7,7.0,16.9
0500000US26147,89.9,73.8,4.6,81.3,10.3,60.1,1.2,1.5,0.0,10.1,85.5,0.2,85.3,77.0,15.4,63.2,8.7,14.5
0500000US26155,91.7,70.7,5.1,82.0,15.5,55.3,1.1,1.4,0.3,8.3,83.3,0.2,83.1,60.6,16.2,59.0,10.0,16.7
0500000US26159,90.4,74.9,4.8,79.7,9.1,59.2,1.7,2.3,0.0,9.6,82.8,0.5,82.3,72.3,21.4,52.8,8.6,17.2
0500000US26161,96.0,88.0,3.1,90.2,4.2,68.6,0.5,2.4,0.0,4.0,91.7,0.1,91.7,85.6,7.8,80.9,5.3,8.3
0500000US26163,89.5,68.4,4.3,82.0,13.8,55.2,1.1,2.4,0.0,10.5,79.2,0.3,78.9,66.9,13.4,62.9,5.3,20.8
0500000US27003,94.8,85.0,4.2,87.4,4.4,69.8,0.9,1.9,0.0,5.2,91.8,0.5,91.3,83.0,15.8,72.8,5.6,8.2
0500000US27013,93.7,83.5,4.7,86.2,5.6,54.8,0.9,3.2,0.0,6.3,88.7,0.1,88.6,72.1,10.5,74.9,5.1,11.3
0500000US27019,95.6,87.8,2.5,90.6,4.4,79.0,0.4,4.0,0.0,4.4,91.8,0.1,91.8,87.8,8.3,79.6,7.1,8.2
0500000US27037,95.9,87.1,3.4,89.1,3.5,74.5,1.2,2.7,0.0,4.1,92.5,0.1,92.4,85.6,7.1,83.2,4.7,7.5
0500000US27053,94.7,85.5,4.1,88.0,5.5,67.0,0.8,3.0,0.0,5.3,88.8,0.2,88.6,79.3,7.5,78.7,4.6,11.2
0500000US27109,93.4,82.7,4.2,86.0,6.6,68.3,1.2,2.4,0.0,6.6,87.2,0.5,86.7,79.4,10.0,73.7,5.0,12.8
0500000US27123,92.9,80.7,4.7,84.7,6.7,63.8,1.0,2.4,0.1,7.1,88.4,0.5,87.9,79.3,11.9,73.4,4.6,11.6
0500000US27131,89.8,78.1,7.3,80.3,5.9,62.3,0.2,1.4,0.0,10.2,86.0,0.2,85.8,77.8,12.2,68.8,6.0,14.0
0500000US27137,88.0,72.5,5.4,77.8,9.2,57.0,1.5,1.6,0.0,12.0,81.8,0.7,81.1,72.2,14.8,59.8,11.3,18.2
0500000US27139,96.2,89.4,2.2,91.2,4.2,74.9,0.6,2.8,0.0,3.8,93.2,0.2,93.0,89.0,8.0,82.1,7.9,6.8
0500000US27141,95.8,83.7,3.3,90.1,8.2,66.4,0.2,1.5,0.0,4.2,92.9,0.7,92.2,86.7,14.6,72.4,8.7,7.1
0500000US27145,91.9,75.6,5.5,83.2,9.2,63.2,0.8,1.8,0.0,8.1,84.3,0.4,83.9,74.8,10.8,66.2,7.0,15.7
0500000US27163,94.6,86.8,3.2,88.7,3.5,73.0,0.6,2.9,0.0,5.4,92.5,0.4,92.1,84.2,8.7,80.2,6.1,7.5
0500000US27171,91.6,79.2,4.2,85.2,6.9,62.9,0.4,2.8,0.0,8.4,89.1,0.3,88.8,81.1,14.7,70.3,8.5,10.9
0500000US28033,94.5,76.9,1.9,89.0,11.2,67.0,1.0,2.5,0.0,5.5,90.3,0.1,90.2,85.7,16.9,69.6,8.5,9.7
0500000US28035,84.9,63.5,3.4,77.5,11.8,55.0,0.5,3.2,0.0,15.1,78.1,0.0,78.1,67.5,21.2,51.9,5.5,21.9
0500000US28047,91.9,68.8,2.5,86.0,17.2,57.3,1.3,2.7,0.0,8.1,83.8,0.2,83.5,75.1,15.5,61.2,9.9,16.2
0500000US28049,89.3,65.6,3.5,83.3,16.5,52.3,0.7,1.5,0.0,10.7,82.2,0.1,82.1,77.1,20.4,58.7,5.5,17.8
0500000US28059,91.9,71.2,3.2,87.1,11.8,62.5,0.5,1.6,0.0,8.1,84.5,0.7,83.7,79.9,17.3,60.7,13.4,15.5
0500000US28067,90.2,54.3,3.1,84.4,27.0,49.9,0.9,1.3,0.0,9.8,62.7,0.0,62.6,46.0,18.1,38.5,6.5,37.3
0500000US28075,86.6,65.9,2.4,80.9,12.3,55.7,1.0,2.6,0.0,13.4,80.8,0.3,80.6,75.1,22.5,55.3,6.8,19.2
0500000US28081,87.0,59.8,4.6,79.9,18.9,49.6,0.6,1.4,0.0,13.0,77.2,0.2,77.0,68.5,26.4,46.6,9.3,22.8
0500000US28089,96.0,84.4,4.0,89.7,7.2,70.0,0.6,2.3,0.0,4.0,93.2,0.0,93.2,88.8,13.9,73.6,10.2,6.8
0500000US28121,92.8,79.7,3.6,87.2,7.9,66.2,1.3,2.2,0.0,7.2,82.8,0.2,82.5,75.3,12.0,60.1,12.7,17.2
0500000US29019,95.7,83.5,3.0,89.7,5.6,66.0,1.1,3.1,0.0,4.3,84.8,0.6,84.3,78.4,6.3,74.6,6.4,15.2
0500000US29021,91.5,69.0,4.7,83.7,16.0,54.2,1.4,1.1,0.0,8.5,84.0,0.4,83.6,76.1,18.2,57.1,10.8,16.0
0500000US29031,91.2,77.6,3.8,84.7,8.7,62.9,0.7,1.0,0.0,8.8,86.3,0.3,86.0,79.7,17.9,63.0,5.6,13.7
0500000US29037,93.9,81.2,4.4,85.1,7.4,69.5,1.2,2.4,0.0,6.1,86.8,0.0,86.8,79.0,10.8,69.4,10.0,13.2
0500000US29043,91.9,76.2,2.5,87.3,10.3,65.7,1.2,1.7,0.0,8.1,83.7,0.4,83.3,76.0,16.4,58.9,10.2,16.3
0500000US29047,95.4,81.3,3.9,88.5,7.7,68.4,1.3,1.6,0.0,4.6,89.5,0.2,89.3,81.9,9.7,75.1,6.6,10.5
0500000US29051,93.7,77.4,4.4,85.8,11.4,59.9,1.3,1.4,0.0,6.3,73.0,0.4,72.6,65.7,12.6,54.4,7.5,27.0
0500000US29071,90.9,76.7,5.5,82.2,8.5,58.7,1.3,1.7,0.0,9.1,83.9,0.4,83.6,74.4,18.6,53.6,12.8,16.1
0500000US29077,86.9,72.6,4.0,79.3,8.8,57.9,1.6,10.4,0.0,13.1,75.1,0.3,74.8,66.5,16.8,52.3,9.8,24.9
0500000US29095,92.5,76.1,4.4,85.5,10.6,59.0,0.7,1.9,0.0,7.5,84.9,0.2,84.7,77.5,14.0,68.1,5.9,15.1
0500000US29097,88.7,66.6,5.1,80.8,12.1,55.7,1.3,1.3,0.0,11.3,83.2,0.5,82.7,77.5,24.6,52.8,7.9,16.8
0500000US29099,94.7,80.2,4.3,86.9,7.0,67.6,1.1,2.0,0.1,5.3,88.8,0.1,88.7,82.7,14.0,65.6,13.6,11.2
0500000US29165,96.9,82.1,4.0,91.2,8.3,71.1,0.3,1.6,0.0,3.1,92.8,0.3,92.6,85.9,12.1,76.5,7.4,7.2
0500000US29183,95.4,87.1,3.8,88.9,5.1,70.9,0.6,2.5,0.0,4.6,92.5,0.1,92.4,84.6,8.2,80.7,9.0,7.5
0500000US29187,85.1,67.4,2.8,80.5,8.1,54.8,0.5,1.9,0.0,14.9,83.9,0.2,83.6,75.9,17.2,59.2,8.0,16.1
0500000US29189,92.9,80.2,3.8,85.9,6.1,68.0,0.9,2.8,0.0,7.1,89.5,0.1,89.4,80.1,10.2,76.1,7.7,10.5
0500000US29510,87.1,64.7,4.6,79.6,15.0,50.6,1.3,1.6,0.1,12.9,77.0,0.0,77.0,69.1,12.5,61.8,4.7,23.0
0500000US30013,86.8,69.8,4.9,77.0,9.1,61.0,1.3,2.1,0.0,13.2,80.2,0.4,79.7,70.6,6.4,69.7,5.5,19.8
0500000US30029,90.9,81.6,8.1,78.9,5.1,54.4,1.6,2.2,0.0,9.1,87.2,1.1,86.1,71.8,13.2,68.6,6.3,12.8
0500000US30031,94.7,87.9,4.1,89.3,4.3,69.7,0.3,2.3,0.0,5.3,89.2,0.0,89.2,81.8,12.8,68.4,9.6,10.8
0500000US30049,89.5,80.4,4.9,80.8,6.0,60.5,1.0,1.8,0.0,10.5,83.8,0.0,83.8,72.8,8.4,68.4,8.2,16.2
0500000US30063,95.1,85.7,4.9,86.5,4.2,66.7,1.0,3.5,0.0,4.9,91.6,0.1,91.5,81.8,9.6,76.2,7.6,8.4
0500000US30111,90.9,77.8,5.1,81.2,6.4,65.4,1.2,2.2,0.1,9.1,84.6,0.5,84.1,73.6,9.1,70.7,8.8,15.4
0500000US31055,92.6,79.7,4.6,84.5,7.4,66.0,1.2,2.3,0.0,7.4,88.2,0.2,88.0,80.3,10.6,75.9,3.6,11.8
0500000US31109,94.2,83.0,4.6,86.7,5.6,66.0,1.0,1.9,0.0,5.8,89.7,0.2,89.5,82.7,7.8,79.0,4.8,10.3
0500000US31153,95.5,85.8,3.3,89.8,5.8,71.9,0.8,2.4,0.0,4.5,92.0,0.3,91.7,85.7,8.1,81.9,4.9,8.0
0500000US32003,93.5,79.0,3.6,87.7,9.4,62.8,0.6,2.1,0.0,6.5,85.6,0.2,85.4,78.3,9.8,73.3,7.4,14.4
0500000US32031,94.8,82.5,4.3,88.1,6.9,66.6,0.7,7.8,0.0,5.2,88.5,0.2,88.4,76.8,10.8,74.8,8.4,11.5
0500000US33005,89.9,79.0,7.8,75.7,6.2,59.6,1.6,1.3,0.0,10.1,85.5,0.9,84.6,64.0,5.0,74.6,7.5,14.5
0500000US33009,92.0,82.4,8.3,76.7,4.4,65.0,1.2,1.4,0.0,8.0,82.5,0.5,81.9,60.0,6.0,72.1,5.5,17.5
0500000US33011,94.6,83.6,4.6,86.2,5.0,69.2,0.8,2.0,0.0,5.4,90.9,0.5,90.3,79.3,8.3,79.8,2.1,9.1
0500000US33013,94.1,86.3,7.9,81.6,3.6,68.3,0.7,4.7,0.1,5.9,91.3,0.9,90.5,76.6,6.6,82.0,3.6,8.7
0500000US33015,95.9,88.5,5.4,86.3,3.3,71.8,0.9,2.3,0.0,4.1,92.9,0.2,92.7,83.6,7.5,84.2,2.1,7.1
0500000US33017,93.3,85.2,4.5,82.7,4.2,66.6,1.0,4.3,0.0,6.7,86.5,0.0,86.5,78.4,8.2,76.4,4.8,13.5
0500000US34001,93.7,78.5,5.1,85.6,9.4,61.2,0.8,3.2,0.0,6.3,87.4,0.2,87.1,74.7,10.8,74.6,3.9,12.6
0500000US34003,93.6,84.7,3.5,87.4,4.7,68.9,1.1,1.8,0.0,6.4,90.4,0.2,90.2,79.9,7.6,81.9,2.4,9.6
0500000US34005,93.9,84.7,4.5,85.5,5.4,69.2,0.8,3.9,0.0,6.1,89.8,0.4,89.4,80.6,7.4,80.7,3.3,10.2
0500000US34007,91.6,76.8,4.8,83.2,8.8,63.8,1.0,2.7,0.0,8.4,85.9,0.3,85.7,77.9,9.5,75.1,3.6,14.1
0500000US34009,93.0,84.9,7.5,81.5,3.4,64.2,1.3,3.1,0.0,7.0,87.3,0.0,87.3,72.5,7.5,78.1,2.7,12.7
0500000US34011,89.2,73.6,5.1,78.2,7.4,60.9,2.8,2.1,0.0,10.8,83.6,0.5,83.1,65.5,9.6,70.9,4.4,16.4
0500000US34013,91.9,73.6,3.3,86.1,11.7,61.1,0.7,1.8,0.0,8.1,84.6,0.2,84.4,77.6,10.0,71.7,3.6,15.4
0500000US34015,93.8,84.3,5.0,86.1,5.7,69.1,0.6,2.6,0.0,6.2,91.2,0.1,91.1,83.2,8.7,81.2,2.6,8.8
0500000US34017,93.4,80.6,2.3,89.4,8.8,60.3,0.7,2.5,0.0,6.6,88.6,0.1,88.4,83.2,12.0,75.2,3.1,11.4
0500000US34019,95.4,89.3,4.3,88.5,2.7,77.1,0.5,2.1,0.0,4.6,92.7,0.4,92.4,85.0,8.9,80.8,5.2,7.3
0500000US34021,93.6,80.4,4.7,85.8,8.7,62.6,0.7,1.6,0.0,6.4,85.5,0.1,85.4,78.1,7.6,76.5,2.7,14.5
0500000US34023,94.2,82.7,4.1,87.2,6.2,68.4,1.0,2.3,0.0,5.8,89.7,0.2,89.5,82.5,7.7,80.5,3.4,10.3
0500000US34025,93.9,85.5,4.3,86.6,3.6,74.1,0.9,3.0,0.0,6.1,90.1,0.2,89.9,84.0,8.8,79.9,3.3,9.9
0500000US34027,94.7,89.3,4.5,87.0,2.6,73.1,0.9,2.8,0.0,5.3,92.7,0.2,92.5,84.8,6.3,85.1,2.7,7.3
0500000US34029,89.9,80.6,8.2,77.0,3.9,61.0,1.2,2.7,0.0,10.1,83.3,0.4,82.9,73.7,7.1,73.8,3.8,16.7
0500000US34031,92.4,75.1,2.6,87.6,11.4,59.3,0.6,1.8,0.0,7.6,84.9,0.0,84.9,78.9,11.0,72.6,11.8,15.1
0500000US34033,92.0,74.7,4.2,84.9,11.2,59.4,0.5,1.1,0.0,8.0,85.5,0.1,85.4,72.6,9.5,73.1,3.3,14.5
0500000US34035,96.5,90.4,3.2,90.3,2.6,79.9,0.9,3.2,0.0,3.5,93.9,0.2,93.8,86.2,13.7,79.3,3.2,6.1
0500000US34037,95.4,89.1,3.9,88.4,3.0,75.9,0.4,3.4,0.0,4.6,93.2,0.3,92.9,86.2,5.8,84.0,9.0,6.8
0500000US34039,90.9,78.9,3.9,85.0,7.2,65.3,0.4,1.6,0.0,9.1,86.7,0.2,86.6,80.3,8.2,75.3,4.4,13.3
0500000US34041,90.4,79.3,7.4,77.0,4.8,62.5,2.6,1.7,0.1,9.6,86.3,0.3,85.9,75.4,9.2,72.8,6.2,13.7
0500000US35001,92.5,76.4,4.5,85.4,11.5,57.0,0.7,2.0,0.0,7.5,82.3,0.3,82.0,69.4,12.1,67.2,6.0,17.7
0500000US35005,85.7,64.8,6.3,75.2,13.8,53.4,1.5,1.5,0.0,14.3,72.2,0.9,71.3,59.7,14.9,47.3,12.5,27.8
0500000US35013,87.3,67.1,3.5,82.1,14.7,52.5,0.1,2.5,0.0,12.7,69.5,0.2,69.2,61.9,6.7,57.9,6.9,30.5
0500000US35025,90.7,61.5,1.5,86.8,19.6,48.0,1.1,0.9,0.3,9.3,80.5,0.0,80.5,76.9,23.4,53.2,8.1,19.5
0500000US35031,63.4,35.7,3.1,56.6,22.4,27.5,1.5,2.6,0.0,36.6,49.1,2.4,46.7,37.9,17.9,24.6,5.2,50.9
0500000US35035,92.0,79.0,6.7,80.2,6.6,58.6,2.5,0.6,0.0,8.0,82.3,0.6,81.7,75.6,13.8,62.1,5.2,17.7
0500000US35043,89.8,76.6,6.0,80.8,9.9,46.2,0.7,2.7,0.0,10.2,87.4,0.5,86.8,80.5,25.6,56.6,8.1,12.6
0500000US35045,84.6,68.4,6.8,73.6,9.1,57.1,1.8,3.5,0.0,15.4,72.3,0.4,71.9,61.1,14.9,51.7,8.6,27.7
0500000US35049,87.9,76.0,4.5,79.3,7.0,61.9,1.6,3.4,0.1,12.1,83.4,0.3,83.1,71.6,8.1,66.1,10.6,16.6
0500000US35061,88.1,68.6,5.2,79.4,17.6,48.5,0.0,3.0,0.0,11.9,75.3,0.1,75.1,66.2,12.4,57.0,9.5,24.7
0500000US36001,90.7,76.6,5.1,81.9,7.7,63.4,0.9,2.4,0.0,9.3,85.9,0.4,85.5,75.9,9.3,74.2,3.0,14.1
0500000US36005,88.7,61.3,3.1,82.8,17.9,52.7,1.3,2.9,0.0,11.3,78.7,0.2,78.5,71.5,16.2,60.5,2.7,21.3
0500000US36007,91.0,77.3,7.7,78.0,8.2,60.1,1.4,1.7,0.0,9.0,86.2,0.2,86.0,71.3,9.3,74.2,5.3,13.8
0500000US36009,83.5,67.7,6.8,71.4,8.1,54.8,1.7,0.7,0.1,16.5,76.3,0.4,75.9,58.9,15.6,49.0,12.7,23.7
0500000US36011,89.1,72.7,7.3,76.5,9.8,56.7,2.4,1.0,0.0,10.9,81.9,0.3,81.6,72.3,12.9,61.9,8.2,18.1
0500000US36013,86.9,74.8,8.7,71.8,5.3,56.1,1.8,2.9,0.1,13.1,79.9,0.8,79.1,64.9,11.2,64.2,5.0,20.1
0500000US36015,88.7,72.2,5.7,77.0,9.3,57.8,1.3,2.4,0.0,11.3,83.9,0.1,83.8,70.8,15.8,64.2,6.2,16.1
0500000US36019,91.9,81.4,7.8,73.4,6.3,62.7,1.1,1.3,0.0,8.1,86.0,0.6,85.5,69.2,9.1,71.4,5.8,14.0
0500000US36027,93.7,82.2,6.0,84.4,4.7,68.2,1.1,1.7,0.0,6.3,89.3,0.2,89.1,79.9,6.2,81.0,3.6,10.7
0500000US36029,89.6,74.9,6.1,78.8,7.4,61.8,1.5,2.1,0.0,10.4,85.0,0.3,84.7,74.6,12.7,70.3,3.7,15.0
0500000US36045,91.3,76.8,3.6,81.8,7.3,60.8,1.9,2.3,0.1,8.7,85.5,0.2,85.3,76.4,11.4,69.5,6.0,14.5
0500000US36047,89.0,76.5,3.4,83.5,7.9,60.8,0.9,4.2,0.0,11.0,82.8,0.1,82.7,73.5,10.9,70.5,3.2,17.2
0500000US36051,92.1,80.8,6.1,81.4,4.8,62.7,1.7,2.1,0.1,7.9,86.9,0.4,86.4,76.7,10.8,68.2,8.2,13.1
0500000US36053,90.3,77.4,4.6,79.3,8.6,66.2,1.0,2.6,0.2,9.7,86.7,0.2,86.5,73.6,11.9,71.6,4.4,13.3
0500000US36055,91.4,77.5,5.2,81.7,7.1,64.0,1.2,2.6,0.0,8.6,87.0,0.4,86.6,74.6,9.4,75.6,3.5,13.0
0500000US36059,94.4,86.8,4.5,87.0,4.0,69.5,0.8,5.3,0.0,5.6,91.3,0.1,91.2,81.5,7.1,83.1,3.0,8.7
0500000US36061,92.5,83.7,3.1,87.9,5.8,61.6,0.5,3.8,0.0,7.5,87.4,0.1,87.3,80.5,9.1,77.3,2.2,12.6
0500000US36063,88.4,74.5,6.0,77.5,7.8,56.6,1.7,1.9,0.1,11.6,82.4,0.5,81.9,67.9,10.0,69.0,5.0,17.6
0500000US36065,89.3,76.7,4.7,77.4,6.2,65.4,2.6,1.8,0.0,10.7,85.1,0.2,84.9,74.2,10.9,71.5,3.7,14.9
0500000US36067,88.4,77.3,6.5,78.2,6.9,57.1,1.4,2.2,0.0,11.6,80.7,0.2,80.5,64.3,8.1,70.6,3.2,19.3
0500000US36069,92.3,83.8,5.4,83.1,3.1,68.7,0.9,1.2,0.0,7.7,87.9,0.1,87.8,75.5,9.6,75.6,5.9,12.1
0500000US36071,90.6,75.6,5.4,81.1,7.9,62.6,1.5,3.0,0.0,9.4,85.2,0.2,85.0,71.8,8.4,75.4,4.9,14.8
0500000US36075,89.5,76.5,6.1,76.2,6.1,65.2,1.8,1.3,0.0,10.5,86.1,1.0,85.1,73.4,9.8,72.1,4.2,13.9
0500000US36079,94.6,87.2,4.9,84.9,2.8,74.4,2.7,1.9,0.0,5.4,91.7,0.1,91.5,82.6,7.6,82.7,2.1,8.3
0500000US36081,92.3,77.0,3.7,86.1,10.2,57.9,1.0,2.2,0.0,7.7,86.4,0.1,86.3,75.7,14.8,70.1,3.4,13.6
0500000US36083,93.0,79.4,6.9,82.4,7.3,62.5,0.6,2.1,0.1,7.0,89.7,0.8,88.9,76.6,9.0,77.6,3.8,10.3
0500000US36085,91.8,79.7,5.1,82.4,5.8,67.7,1.9,2.5,0.1,8.2,83.7,0.2,83.6,68.7,7.9,73.5,5.1,16.3
0500000US36087,88.9,79.3,5.6,79.2,4.3,65.0,0.6,3.4,0.0,11.1,85.5,0.2,85.3,77.3,8.1,76.3,2.3,14.5
0500000US36089,86.4,71.7,7.3,71.5,7.1,59.4,2.7,6.1,0.0,13.6,81.9,0.4,81.6,64.5,11.4,64.9,6.4,18.1
0500000US36091,94.2,84.6,5.6,83.9,5.7,64.9,1.2,2.4,0.1,5.8,90.1,0.2,89.9,80.6,6.8,81.0,3.0,9.9
0500000US36093,91.3,74.7,6.4,79.7,6.8,64.5,1.5,1.6,0.0,8.7,85.5,0.1,85.4,74.3,8.7,75.2,3.2,14.5
0500000US36101,87.7,74.7,8.0,74.5,7.6,54.3,1.3,1.8,0.0,12.3,82.3,0.4,81.9,64.3,10.4,66.2,6.4,17.7
0500000US36103,94.2,86.4,5.2,85.4,3.6,68.5,0.9,2.5,0.1,5.8,90.9,0.2,90.7,79.2,7.8,81.2,3.9,9.1
0500000US36105,88.7,71.3,7.6,77.5,8.6,60.5,0.8,2.0,0.0,11.3,82.5,0.5,82.0,61.8,5.4,72.6,5.2,17.5
0500000US36109,95.6,86.6,6.3,84.7,2.9,65.5,1.1,2.0,0.2,4.4,86.9,0.2,86.7,76.7,8.9,73.8,5.5,13.1
0500000US36111,93.4,81.0,6.2,82.4,7.0,60.2,1.2,4.4,0.0,6.6,89.2,0.6,88.6,67.4,6.8,79.9,3.9,10.8
0500000US36113,86.9,75.3,9.8,68.2,4.4,60.2,2.7,1.0,0.0,13.1,81.3,0.2,81.1,63.2,6.9,71.4,3.8,18.7
0500000US36117,89.0,74.8,5.2,79.2,6.1,64.3,2.5,2.4,0.0,11.0,84.1,0.4,83.7,75.1,11.7,68.7,4.5,15.9
0500000US36119,93.0,81.4,4.2,85.8,6.2,69.1,0.8,2.8,0.0,7.0,88.6,0.1,88.5,80.6,8.4,78.8,2.9,11.4
0500000US37001,88.7,73.2,4.1,80.7,9.5,57.6,1.6,2.5,0.0,11.3,79.9,0.2,79.7,70.1,10.6,66.5,7.1,20.1
0500000US37019,94.5,81.4,6.0,83.8,5.8,69.3,1.5,1.8,0.0,5.5,92.5,0.0,92.5,81.2,10.7,79.0,4.6,7.5
0500000US37021,88.6,72.8,3.3,81.7,9.8,58.6,1.0,1.9,0.0,11.4,83.2,0.2,82.9,69.9,11.1,68.5,5.0,16.8
0500000US37023,88.1,64.7,7.5,76.2,15.2,50.6,1.9,1.5,0.0,11.9,73.8,0.4,73.4,62.1,11.8,56.2,7.0,26.2
0500000US37025,95.1,84.6,3.8,88.9,5.5,71.6,0.7,1.8,0.0,4.9,92.2,0.3,91.9,83.6,8.6,81.3,6.2,7.8
0500000US37027,86.5,63.3,5.1,76.9,14.5,52.4,1.4,1.2,0.0,13.5,81.7,0.4,81.4,71.6,12.5,63.6,7.1,18.3
0500000US37031,93.2,80.3,4.6,84.5,7.7,64.2,1.9,3.7,0.0,6.8,89.1,0.2,88.9,77.9,11.2,75.9,5.5,10.9
0500000US37035,90.1,73.2,4.8,82.1,10.5,59.7,1.2,1.7,0.0,9.9,84.2,0.3,83.9,75.1,11.5,68.6,8.0,15.8
0500000US37037,91.3,81.2,5.7,81.4,5.0,64.9,0.5,1.0,0.0,8.7,80.0,0.5,79.5,69.8,7.0,68.5,6.7,20.0
0500000US37045,82.2,64.0,6.1,71.7,10.8,48.5,2.3,4.1,0.0,17.8,66.3,0.3,66.0,55.2,9.1,51.0,8.7,33.7
0500000US37049,92.8,77.0,5.0,84.4,9.4,63.8,0.4,5.3,0.0,7.2,86.2,0.1,86.1,80.6,7.4,75.6,6.0,13.8
0500000US37051,91.9,75.6,3.6,85.9,11.2,60.5,0.6,7.2,0.1,8.1,87.8,0.2,87.7,82.8,10.6,74.8,5.2,12.2
0500000US37057,88.9,71.4,5.3,80.4,10.1,55.6,0.8,1.2,0.1,11.1,80.4,0.2,80.2,69.8,9.7,67.6,6.1,19.6
0500000US37063,95.4,83.5,2.7,90.0,9.0,64.0,0.7,8.3,0.0,4.6,89.9,0.1,89.9,84.1,10.8,76.3,7.2,10.1
0500000US37067,91.9,73.1,3.8,84.6,14.2,54.6,1.3,2.7,0.0,8.1,80.6,0.3,80.3,64.6,14.0,64.0,5.0,19.4
0500000US37069,88.5,75.1,3.6,79.7,9.2,57.0,1.9,7.5,0.0,11.5,85.2,0.8,84.4,73.4,8.6,72.9,5.8,14.8
0500000US37071,89.3,73.9,5.7,80.7,10.8,56.1,1.0,3.0,0.0,10.7,83.3,0.3,83.0,73.0,10.2,67.0,8.8,16.7
0500000US37081,90.2,77.0,4.8,82.9,7.8,61.1,0.7,2.0,0.0,9.8,82.0,0.1,81.9,74.5,9.3,70.1,6.2,18.0
0500000US37085,92.4,76.7,3.6,86.9,10.9,64.2,0.6,1.9,0.0,7.6,80.6,0.2,80.4,57.3,10.0,68.2,6.2,19.4
0500000US37089,90.4,76.2,5.5,80.6,9.0,61.2,1.0,3.0,0.0,9.6,84.8,0.2,84.6,70.3,9.3,69.1,12.8,15.2
0500000US37097,91.8,79.6,4.2,83.8,7.1,64.2,1.0,2.4,0.0,8.2,88.1,0.2,87.9,71.4,10.9,74.2,6.0,11.9
0500000US37101,91.5,78.5,3.9,84.9,7.9,59.7,1.0,3.0,0.0,8.5,78.3,0.4,78.0,70.1,10.2,63.5,7.9,21.7
0500000US37109,93.1,75.9,2.5,87.5,12.2,67.9,1.3,1.6,0.0,6.9,89.4,0.4,89.0,84.4,12.9,71.7,9.5,10.6
0500000US37119,95.7,83.9,2.9,90.5,7.3,67.1,0.9,1.9,0.0,4.3,90.4,0.1,90.4,77.2,8.5,78.9,5.8,9.6
0500000US37125,89.8,79.8,6.2,78.2,6.8,61.7,0.8,2.9,0.0,10.2,86.1,0.7,85.4,71.3,8.1,71.4,10.5,13.9
0500000US37127,88.8,70.7,6.0,79.2,12.3,52.8,1.4,1.7,0.0,11.2,81.9,0.4,81.4,72.7,14.9,63.2,6.3,18.1
0500000US37129,94.8,84.0,3.3,88.8,5.9,67.5,1.1,2.3,0.0,5.2,88.5,0.2,88.3,78.4,11.3,75.1,4.6,11.5
0500000US37133,96.3,84.5,3.0,90.5,7.9,66.8,0.8,1.9,0.0,3.7,92.3,0.2,92.1,77.1,10.5,78.1,7.0,7.7
0500000US37135,93.8,87.9,2.9,89.7,3.4,72.5,0.4,2.9,0.0,6.2,88.6,0.3,88.3,81.8,7.0,79.1,5.8,11.4
0500000US37147,89.8,75.4,3.0,84.3,8.9,58.6,0.9,0.6,0.0,10.2,83.0,0.0,83.0,77.0,22.9,57.1,5.3,17.0
0500000US37151,91.0,71.1,5.3,81.8,14.2,56.4,1.6,1.0,0.0,9.0,80.7,0.4,80.4,72.5,9.9,67.4,4.7,19.3
0500000US37155,84.4,56.1,4.4,76.8,21.6,41.7,1.4,2.7,0.0,15.6,66.8,0.3,66.5,47.1,16.0,44.7,8.1,33.2
0500000US37157,76.0,62.4,6.5,65.6,10.0,42.5,1.3,1.1,0.0,24.0,67.9,0.2,67.7,57.3,10.6,52.0,5.6,32.1
0500000US37159,87.4,69.2,5.1,78.4,10.2,59.8,1.7,1.2,0.0,12.6,82.7,0.2,82.5,71.4,10.4,69.9,7.1,17.3
0500000US37161,84.1,68.8,5.4,74.2,9.1,56.6,1.3,1.8,0.0,15.9,73.9,0.3,73.6,63.7,15.0,48.4,15.6,26.1
0500000US37171,80.5,64.0,5.8,71.0,11.2,44.7,1.1,3.6,0.0,19.5,60.3,0.7,59.6,50.6,8.1,48.9,5.6,39.7
0500000US37179,95.2,81.9,2.7,89.5,7.3,73.1,0.8,2.9,0.0,4.8,92.9,0.1,92.8,86.6,10.6,79.5,5.5,7.1
0500000US37183,97.0,88.3,2.5,92.6,4.8,74.5,0.5,2.3,0.0,3.0,92.4,0.0,92.4,86.5,7.2,83.1,6.0,7.6
0500000US37191,87.2,62.9,4.8,78.5,14.7,55.0,1.9,1.6,0.0,12.8,81.9,0.1,81.8,73.6,16.5,62.1,5.5,18.1
0500000US37193,86.0,68.1,7.5,73.2,11.3,52.2,1.9,1.6,0.0,14.0,78.4,0.2,78.2,44.1,9.0,66.3,5.5,21.6
0500000US37195,83.7,61.3,5.2,74.9,14.5,50.2,1.1,2.6,0.0,16.3,78.2,0.3,77.9,70.4,13.4,61.6,3.3,21.8
0500000US38015,92.6,82.9,4.3,83.1,4.5,70.0,1.6,4.0,0.0,7.4,83.2,0.5,82.7,73.0,8.2,72.1,3.6,16.8
0500000US38017,93.4,81.3,3.3,87.3,7.7,65.7,0.4,2.0,0.0,6.6,85.1,0.0,85.1,79.2,10.5,70.8,8.4,14.9
0500000US38035,91.0,77.0,2.4,86.9,5.8,63.5,0.9,0.6,0.0,9.0,79.9,0.0,79.9,73.8,8.8,68.8,2.6,20.1
0500000US38101,89.4,71.8,3.9,82.7,12.3,62.3,1.2,1.4,0.0,10.6,83.2,0.2,83.0,76.9,7.6,73.5,4.8,16.8
0500000US39003,89.7,72.8,6.3,79.4,9.6,59.4,1.2,1.5,0.0,10.3,85.0,0.1,84.9,72.3,10.0,71.2,5.3,15.0
0500000US39007,83.5,64.5,7.2,70.7,11.7,52.9,1.8,2.2,0.0,16.5,80.6,1.1,79.4,63.6,11.5,63.6,6.8,19.4
0500000US39009,88.6,74.5,6.4,76.9,9.1,53.7,0.9,1.9,0.0,11.4,81.4,0.0,81.4,69.9,16.0,59.7,8.3,18.6
0500000US39013,81.3,65.7,4.6,73.1,10.2,48.0,1.1,2.3,0.0,18.7,74.7,0.4,74.4,61.7,13.9,55.9,6.8,25.3
0500000US39017,92.7,77.6,3.8,86.3,9.9,65.4,0.8,1.6,0.1,7.3,87.6,0.2,87.3,81.4,11.1,73.0,5.7,12.4
0500000US39023,90.9,71.0,5.6,79.6,11.2,58.6,1.6,1.3,0.1,9.1,86.9,0.4,86.5,77.1,14.1,68.9,4.8,13.1
0500000US39025,92.7,83.9,4.8,83.4,4.0,67.7,0.8,1.3,0.0,7.3,88.2,0.5,87.7,77.7,6.7,77.9,6.0,11.8
0500000US39029,86.7,67.1,4.9,77.8,11.9,53.6,1.2,0.8,0.0,13.3,81.8,0.4,81.3,70.6,20.7,50.7,9.1,18.2
0500000US39035,89.4,72.5,4.9,80.8,10.5,57.9,1.2,1.8,0.0,10.6,82.4,0.4,82.1,69.9,9.2,69.8,5.6,17.6
0500000US39041,98.0,90.4,2.8,92.8,4.3,80.8,0.5,2.8,0.0,2.0,96.5,0.4,96.0,89.8,6.0,86.4,7.3,3.5
0500000US39043,90.9,77.5,9.1,78.0,6.5,59.1,1.0,2.6,0.0,9.1,78.9,1.0,77.9,58.6,9.8,63.9,7.4,21.1
0500000US39045,92.2,80.6,6.1,82.1,6.6,65.4,1.0,1.8,0.0,7.8,84.9,0.5,84.5,73.0,7.1,73.4,7.4,15.1
0500000US39049,93.9,78.2,3.2,87.9,10.1,65.4,0.8,3.2,0.0,6.1,88.7,0.1,88.5,80.5,10.5,75.9,4.5,11.3
0500000US39055,89.1,78.9,4.7,80.1,4.6,67.8,1.1,1.3,0.0,10.9,83.7,0.3,83.4,76.1,5.5,72.8,8.3,16.3
0500000US39057,92.4,81.0,3.3,86.2,6.6,68.7,0.7,1.5,0.0,7.6,88.7,0.0,88.7,79.9,10.4,74.4,8.3,11.3
0500000US39061,91.3,77.0,4.4,83.6,8.2,61.1,0.9,5.2,0.0,8.7,87.1,0.3,86.8,78.4,9.3,75.7,4.9,12.9
0500000US39063,92.6,75.4,5.7,83.2,7.4,66.4,1.8,3.4,0.0,7.4,88.7,0.5,88.2,76.5,11.8,69.8,7.8,11.3
0500000US39081,80.7,61.3,5.7,70.9,12.0,49.2,1.0,1.6,0.0,19.3,78.3,0.1,78.2,64.6,14.5,55.0,8.6,21.7
0500000US39085,93.5,81.5,5.6,83.0,6.6,66.2,1.2,2.8,0.0,6.5,88.3,0.3,88.0,77.5,6.5,77.6,7.2,11.7
0500000US39089,92.1,80.4,4.8,82.0,5.3,69.5,1.1,3.1,0.0,7.9,88.1,0.2,87.8,78.2,7.2,77.6,5.7,11.9
0500000US39093,93.2,81.8,7.9,81.4,6.1,61.3,1.0,2.0,0.0,6.8,81.3,0.6,80.7,68.7,8.4,69.4,7.4,18.7
0500000US39095,90.7,70.7,4.3,82.2,11.0,61.5,1.3,1.6,0.1,9.3,84.5,0.2,84.3,75.8,12.2,69.4,5.7,15.5
0500000US39099,88.4,70.7,6.5,76.9,9.9,57.2,2.0,1.3,0.0,11.6,83.1,0.3,82.8,64.6,12.4,66.2,6.9,16.9
0500000US39101,90.7,66.5,5.2,80.4,14.3,55.4,0.8,2.1,0.5,9.3,81.5,0.0,81.5,73.4,18.1,61.2,4.3,18.5
0500000US39103,94.5,85.9,4.2,86.0,4.6,71.0,1.0,2.0,0.0,5.5,88.1,0.2,87.9,79.0,7.4,79.0,4.4,11.9
0500000US39109,90.5,74.8,5.9,81.8,9.6,61.5,1.2,1.9,0.0,9.5,87.2,0.6,86.6,77.5,11.4,72.2,5.0,12.8
0500000US39113,90.8,73.2,4.9,82.1,10.5,59.0,1.3,1.7,0.0,9.2,86.3,0.2,86.1,76.9,12.9,70.2,6.0,13.7
0500000US39119,88.0,71.9,6.8,76.0,8.2,60.9,1.8,1.9,0.0,12.0,82.9,0.0,82.8,51.6,12.3,65.6,6.5,17.1
0500000US39133,91.8,80.1,5.0,82.2,6.3,66.3,1.4,1.8,0.0,8.2,84.1,0.2,84.0,57.0,6.1,75.4,5.1,15.9
0500000US39139,84.5,70.0,7.2,72.4,7.3,54.1,1.4,2.3,0.0,15.5,80.5,0.5,80.1,68.2,9.4,67.8,5.0,19.5
0500000US39141,88.1,71.0,6.9,74.7,9.0,60.8,3.0,1.8,0.0,11.9,79.3,0.0,79.3,67.7,8.7,67.5,4.3,20.7
0500000US39145,87.7,67.4,3.4,78.3,10.5,58.7,1.4,2.3,0.0,12.3,81.0,0.2,80.9,65.4,12.7,58.8,9.2,19.0
0500000US39151,89.7,72.4,4.4,80.1,9.7,62.6,1.3,2.1,0.0,10.3,84.2,0.1,84.1,74.2,11.1,69.8,6.2,15.8
0500000US39153,91.0,76.7,5.5,82.0,8.1,62.1,1.2,2.4,0.0,9.0,86.9,0.4,86.5,76.9,9.6,74.2,6.6,13.1
0500000US39155,87.4,69.7,5.7,78.3,10.3,58.3,0.6,1.3,0.0,12.6,81.2,0.2,81.0,71.4,12.7,66.2,4.6,18.8
0500000US39157,87.9,64.6,5.0,78.3,11.2,61.4,1.2,2.0,0.1,12.1,80.0,0.4,79.6,66.3,11.5,62.1,7.9,20.0
0500000US39165,96.5,88.2,3.0,90.4,4.5,78.6,1.1,2.1,0.0,3.5,93.4,0.1,93.3,85.7,9.1,81.7,6.4,6.6
0500000US39169,85.8,74.9,5.4,76.1,5.5,56.6,1.4,1.7,0.0,14.2,81.7,0.6,81.1,71.6,11.0,66.9,3.6,18.3
0500000US39173,94.3,81.6,5.0,85.7,6.3,66.7,1.0,1.1,0.0,5.7,85.9,0.3,85.6,76.1,10.6,68.0,10.2,14.1
0500000US40017,94.4,83.3,3.3,87.7,7.6,70.6,0.3,2.6,0.0,5.6,91.6,0.1,91.5,86.4,14.7,71.1,9.9,8.4
0500000US40027,94.7,81.9,3.1,89.9,8.4,65.9,0.6,2.4,0.0,5.3,88.1,0.4,87.7,81.7,13.5,69.2,9.0,11.9
0500000US40031,92.7,72.7,4.1,87.1,13.9,58.5,0.4,1.7,0.0,7.3,88.5,0.1,88.4,82.0,19.1,64.4,8.2,11.5
0500000US40037,89.7,67.6,5.3,81.7,14.4,55.9,0.7,12.2,0.0,10.3,79.2,0.3,79.0,71.9,17.8,53.1,10.6,20.8
0500000US40101,86.0,67.2,2.9,80.0,13.1,46.2,1.2,7.2,0.0,14.0,74.2,0.4,73.8,55.3,16.2,44.6,17.0,25.8
0500000US40109,91.9,72.5,3.5,86.3,13.2,58.3,0.7,2.7,0.0,8.1,85.6,0.2,85.4,76.2,15.7,66.6,5.6,14.4
0500000US40119,93.8,77.1,3.8,86.8,10.0,63.2,0.6,2.4,0.0,6.2,83.2,0.3,82.9,75.0,13.7,63.2,8.7,16.8
0500000US40125,88.8,66.9,4.4,82.2,15.0,54.5,0.9,2.0,0.0,11.2,82.0,0.7,81.3,74.0,20.2,52.0,12.0,18.0
0500000US40131,94.5,75.2,4.1,88.2,12.4,63.8,0.8,2.0,0.0,5.5,83.9,0.3,83.6,77.0,14.6,58.0,13.3,16.1
0500000US40143,92.9,75.4,3.4,87.0,11.8,61.3,0.6,2.4,0.0,7.1,86.8,0.2,86.6,80.5,14.3,69.6,6.4,13.2
0500000US40145,93.9,79.1,3.1,88.4,8.3,67.6,0.5,3.8,0.0,6.1,89.3,0.2,89.1,80.7,15.1,66.9,10.7,10.7
0500000US41003,96.2,89.2,4.1,88.1,4.3,69.5,0.6,3.4,0.0,3.8,93.5,0.3,93.3,84.6,8.5,80.2,6.4,6.5
0500000US41005,95.2,87.9,5.2,87.1,3.6,71.2,0.8,2.5,0.0,4.8,89.2,0.3,88.9,81.6,8.1,78.3,6.0,10.8
0500000US41017,96.1,87.7,3.9,89.9,4.0,68.0,0.5,2.7,0.0,3.9,88.9,0.2,88.6,77.6,12.1,71.1,7.0,11.1
0500000US41019,90.5,79.3,8.4,77.9,6.9,56.6,0.5,1.4,0.0,9.5,84.2,1.1,83.2,70.3,9.0,67.4,10.9,15.8
0500000US41029,94.9,80.5,4.3,86.9,9.3,61.4,1.5,2.7,0.0,5.1,86.5,0.8,85.8,75.8,10.6,66.2,10.8,13.5
0500000US41033,92.9,76.6,7.8,77.3,10.7,58.5,2.1,3.2,0.0,7.1,81.4,0.7,80.7,70.2,11.5,59.4,13.2,18.6
0500000US41035,91.6,73.0,5.7,80.1,10.0,60.0,2.0,2.3,0.0,8.4,83.3,0.2,83.1,68.0,11.9,63.6,10.1,16.7
0500000US41039,94.7,83.0,5.8,84.7,7.3,62.3,0.5,2.3,0.0,5.3,89.4,0.4,89.0,79.7,9.7,74.1,6.5,10.6
0500000US41043,93.1,78.6,5.2,84.1,8.2,61.5,0.5,1.0,0.0,6.9,85.7,0.5,85.2,77.6,14.3,63.9,8.5,14.3
0500000US41047,95.0,78.3,4.7,86.2,9.8,62.1,1.6,1.8,0.0,5.0,86.5,0.6,85.9,77.3,13.0,67.8,6.8,13.5
0500000US41051,95.1,84.4,3.0,90.0,7.0,65.4,0.6,2.1,0.0,4.9,90.3,0.1,90.1,84.2,11.6,76.4,3.4,9.7
0500000US41053,95.9,83.4,5.6,85.6,4.8,67.8,0.8,3.1,0.0,4.1,91.9,0.5,91.5,80.9,13.1,70.7,8.9,8.1
0500000US41059,90.3,75.5,3.7,82.2,6.6,63.9,1.2,2.1,0.0,9.7,81.8,0.2,81.6,68.2,8.4,66.8,10.0,18.2
0500000US41067,97.1,88.4,3.5,91.0,4.8,72.0,0.8,3.0,0.0,2.9,92.8,0.2,92.6,85.0,8.6,81.4,5.0,7.2
0500000US41071,91.8,82.5,5.7,81.4,2.3,67.4,1.0,2.9,0.0,8.2,84.3,0.5,83.8,76.2,8.4,66.1,10.6,15.7
0500000US42001,89.6,76.1,6.7,78.0,7.5,56.9,1.0,3.0,0.2,10.4,87.0,1.5,85.5,74.4,11.8,69.9,6.1,13.0
0500000US42003,90.7,77.9,5.1,81.5,6.9,62.8,1.5,2.0,0.0,9.3,87.2,0.2,87.0,76.6,9.4,76.4,2.5,12.8
0500000US42005,85.3,71.0,7.4,70.3,6.9,56.5,2.7,2.7,0.2,14.7,78.9,0.7,78.2,64.8,7.7,66.4,6.9,21.1
0500000US42007,89.2,73.5,6.5,78.8,9.6,57.0,0.7,1.6,0.0,10.8,83.7,0.4,83.3,70.4,7.7,72.1,4.9,16.3
0500000US42011,89.7,74.5,5.3,80.2,8.5,59.4,1.4,3.0,0.1,10.3,83.3,0.5,82.8,72.8,10.3,69.8,4.1,16.7
0500000US42013,87.2,71.2,6.9,74.9,11.4,45.0,1.6,0.9,0.0,12.8,81.2,0.1,81.1,67.8,11.6,65.8,5.1,18.8
0500000US42017,93.5,85.3,4.3,85.6,4.2,71.3,1.1,2.0,0.0,6.5,90.5,0.2,90.3,82.5,6.9,82.4,2.4,9.5
0500000US42019,89.9,78.2,5.8,78.8,5.1,63.7,2.2,1.6,0.0,10.1,86.7,0.6,86.1,74.7,8.9,74.2,5.1,13.3
0500000US42021,83.7,68.3,7.6,68.9,7.9,54.6,2.7,2.3,0.1,16.3,78.2,0.4,77.8,64.8,11.4,62.9,3.7,21.8
0500000US42025,88.2,72.3,8.9,74.1,6.8,61.3,2.7,1.9,0.0,11.8,82.6,0.1,82.5,68.2,9.0,70.6,3.7,17.4
0500000US42027,92.3,85.2,6.9,82.1,3.3,63.5,0.8,4.0,0.0,7.7,85.0,0.7,84.3,75.1,8.9,73.0,4.3,15.0
0500000US42029,94.2,86.2,4.0,87.0,4.5,70.3,0.5,2.6,0.0,5.8,90.7,0.3,90.4,79.4,7.3,81.6,2.6,9.3
0500000US42033,86.3,72.5,8.2,72.2,6.1,55.7,2.2,1.8,0.0,13.7,79.5,0.8,78.7,65.2,13.3,60.6,5.9,20.5
0500000US42037,86.7,72.0,8.4,73.2,8.8,53.0,1.3,1.3,0.1,13.3,79.6,0.7,78.9,67.7,16.7,57.6,5.4,20.4
0500000US42039,88.8,74.6,8.8,71.6,6.6,58.6,2.3,2.5,0.1,11.2,83.7,1.0,82.7,66.9,13.3,66.2,4.9,16.3
0500000US42041,91.6,83.2,6.1,80.0,3.9,64.1,1.9,2.0,0.0,8.4,87.3,0.5,86.8,76.6,7.6,76.8,4.1,12.7
0500000US42043,89.2,73.5,6.3,78.8,9.3,54.5,1.7,5.0,0.1,10.8,83.2,0.4,82.7,71.4,11.3,69.4,4.3,16.8
0500000US42045,92.7,79.1,4.4,84.6,8.7,65.5,1.0,1.9,0.0,7.3,88.4,0.2,88.2,79.6,8.4,78.8,2.4,11.6
0500000US42049,90.4,73.4,5.7,79.1,10.9,58.6,1.8,2.3,0.0,9.6,85.3,0.9,84.4,72.9,12.7,69.0,5.1,14.7
0500000US42051,83.0,65.3,5.8,72.5,8.9,55.1,1.6,1.4,0.1,17.0,78.1,0.5,77.7,67.5,13.2,60.9,4.6,21.9
0500000US42055,87.9,75.8,7.1,75.7,5.8,60.5,0.7,2.5,0.2,12.1,82.0,1.0,81.0,70.3,10.0,67.1,6.4,18.0
0500000US42063,85.1,73.2,8.2,72.9,7.0,55.0,1.1,2.5,0.0,14.9,79.1,0.6,78.5,66.0,14.6,57.5,7.4,20.9
0500000US42069,88.4,74.5,5.2,79.0,8.1,57.1,1.4,1.5,0.0,11.6,84.1,0.9,83.2,71.3,10.7,70.6,3.2,15.9
0500000US42071,88.2,77.4,5.6,77.9,6.1,59.9,1.1,2.5,0.0,11.8,81.4,0.5,80.9,71.7,9.0,69.8,3.4,18.6
0500000US42073,88.4,73.2,6.0,76.1,8.5,57.3,1.4,0.8,0.0,11.6,83.5,0.4,83.1,68.5,12.9,66.3,3.7,16.5
0500000US42075,88.7,75.4,6.8,76.3,6.1,64.9,1.5,2.1,0.0,11.3,87.4,0.6,86.9,74.5,11.6,72.6,6.0,12.6
0500000US42077,90.7,76.4,4.4,82.3,8.5,63.2,1.4,2.5,0.0,9.3,85.6,0.3,85.2,76.3,9.7,73.9,4.5,14.4
0500000US42079,87.0,68.7,6.1,77.0,11.4,54.6,1.2,2.3,0.0,13.0,82.1,0.9,81.2,72.1,14.5,64.0,5.4,17.9
0500000US42081,88.7,74.9,7.6,73.0,6.7,61.8,2.5,2.4,0.0,11.3,82.2,0.9,81.3,67.4,9.4,66.7,7.3,17.8
0500000US42085,85.5,70.7,6.3,74.6,7.8,56.7,0.9,1.5,0.0,14.5,81.6,0.8,80.8,67.4,11.1,66.1,4.2,18.4
0500000US42089,92.8,82.5,6.2,83.0,5.2,64.6,0.9,2.6,0.0,7.2,87.5,0.6,86.8,77.6,6.7,74.2,10.0,12.5
0500000US42091,94.9,86.7,4.2,87.5,4.0,72.2,1.1,2.5,0.0,5.1,91.7,0.1,91.6,84.4,6.8,83.6,2.6,8.3
0500000US42095,90.2,78.4,5.1,81.2,6.0,62.2,0.8,4.6,0.1,9.8,84.5,0.2,84.3,74.2,7.6,74.3,5.7,15.5
0500000US42097,83.2,66.4,6.6,71.9,10.7,51.8,1.8,2.2,0.1,16.8,78.0,0.6,77.4,68.4,12.5,60.7,4.9,22.0
0500000US42101,88.1,68.8,3.7,81.4,12.5,54.9,1.0,1.9,0.0,11.9,80.0,0.2,79.8,71.8,12.1,65.9,5.8,20.0
0500000US42107,83.5,70.3,7.2,70.5,7.4,52.1,1.5,1.5,0.0,16.5,77.7,0.3,77.4,63.6,8.7,64.2,5.1,22.3
0500000US42111,81.0,67.7,8.7,67.1,6.1,54.5,1.8,1.5,0.0,19.0,75.4,0.5,74.8,60.7,12.5,55.7,6.9,24.6
0500000US42125,89.1,74.6,5.1,79.1,8.3,62.9,1.3,1.3,0.0,10.9,85.2,0.7,84.5,74.2,13.6,67.3,5.1,14.8
0500000US42129,89.2,76.8,6.7,76.8,7.1,59.6,1.6,2.0,0.0,10.8,84.2,0.4,83.7,70.1,9.6,72.0,3.8,15.8
0500000US42133,90.8,76.3,4.8,82.3,8.0,64.6,1.1,2.1,0.0,9.2,84.2,0.5,83.7,74.7,11.3,69.0,4.5,15.8
0500000US44003,90.6,80.8,4.8,81.0,5.1,66.8,1.1,2.2,0.0,9.4,86.2,0.1,86.1,75.2,6.6,78.3,2.2,13.8
0500000US44005,92.5,83.9,7.6,80.4,3.8,66.7,1.1,3.9,0.0,7.5,89.1,0.6,88.5,78.2,8.7,78.0,5.3,10.9
0500000US44007,87.6,71.2,4.5,80.1,8.7,59.5,0.9,1.7,0.0,12.4,82.8,0.1,82.6,74.2,11.6,68.7,4.2,17.2
0500000US44009,95.3,86.0,4.8,85.1,3.0,75.0,1.7,3.9,0.0,4.7,93.8,0.1,93.6,83.2,7.1,85.6,2.7,6.2
0500000US45003,90.0,70.0,4.3,82.7,14.0,56.3,1.0,1.4,0.0,10.0,83.0,0.4,82.6,77.1,17.6,62.0,6.3,17.0
0500000US45007,90.2,69.9,4.4,82.5,11.6,60.9,1.4,2.2,0.0,9.8,81.3,0.1,81.2,73.6,12.6,65.3,6.4,18.7
0500000US45013,95.2,80.1,2.6,88.5,9.1,72.2,1.4,2.7,0.1,4.8,90.2,0.1,90.1,81.4,9.1,78.4,6.8,9.8
0500000US45015,93.1,77.7,5.5,85.0,10.2,63.3,0.7,2.6,0.0,6.9,83.8,0.1,83.7,76.2,9.6,70.3,7.4,16.2
0500000US45019,94.2,74.6,2.8,89.1,14.6,53.1,0.9,2.1,0.1,5.8,83.6,0.2,83.4,78.0,15.8,65.4,5.1,16.4
0500000US45031,78.1,56.0,5.6,68.9,15.3,45.5,1.7,2.6,0.0,21.9,63.4,0.4,63.0,48.3,14.6,39.6,8.9,36.6
0500000US45035,96.0,80.9,3.7,89.0,10.7,62.7,1.2,2.3,0.0,4.0,87.4,0.1,87.2,76.9,12.7,71.8,8.4,12.6
0500000US45041,87.4,67.4,4.2,80.2,15.0,50.8,0.9,0.6,0.0,12.6,73.4,0.2,73.2,61.4,10.7,55.3,10.3,26.6
0500000US45045,91.7,76.9,4.1,84.6,9.4,63.1,0.9,2.4,0.0,8.3,86.7,0.2,86.5,74.5,10.3,73.5,7.8,13.3
0500000US45047,84.2,60.7,4.7,76.9,16.0,47.1,0.9,0.7,0.0,15.8,78.4,0.4,77.9,69.5,21.0,52.4,7.9,21.6
0500000US45051,93.3,75.4,4.8,83.9,12.5,55.0,1.0,8.0,0.0,6.7,84.9,0.6,84.4,68.0,9.7,72.4,5.1,15.1
0500000US45055,90.9,77.4,5.8,81.3,6.6,63.2,1.6,12.1,0.0,9.1,86.0,0.0,86.0,68.4,9.8,67.5,11.6,14.0
0500000US45057,91.9,72.0,3.7,85.3,13.4,63.0,1.2,7.0,0.0,8.1,85.1,0.7,84.4,61.8,10.5,70.8,5.8,14.9
0500000US45059,82.0,59.9,3.9,76.4,13.9,50.6,0.7,3.7,0.0,18.0,74.9,0.1,74.8,65.0,16.9,52.2,10.4,25.1
0500000US45063,91.9,77.1,3.1,86.5,9.4,66.1,0.8,1.7,0.0,8.1,87.3,0.0,87.3,78.2,11.2,72.7,6.8,12.7
0500000US45073,84.9,69.3,7.5,74.7,9.2,59.0,0.0,2.3,0.0,15.1,74.2,0.2,74.1,66.0,15.2,51.3,10.5,25.8
0500000US45075,84.9,60.5,3.8,78.7,15.3,48.7,1.0,1.5,0.0,15.1,72.4,0.5,71.9,65.4,23.7,43.2,8.4,27.6
0500000US45077,89.1,71.0,3.9,81.3,9.4,63.1,1.2,1.8,0.2,10.9,78.8,0.6,78.2,70.5,12.1,61.4,9.5,21.2
0500000US45079,94.6,79.3,2.9,89.3,10.1,62.9,0.9,13.2,0.0,5.4,85.1,0.0,85.0,78.5,7.8,74.4,8.5,14.9
0500000US45083,89.2,72.3,4.4,81.5,9.8,59.7,1.1,1.8,0.1,10.8,81.8,0.3,81.5,72.8,10.9,67.0,7.3,18.2
0500000US45085,87.5,67.9,3.1,81.4,13.3,52.4,1.0,3.2,0.0,12.5,80.5,0.1,80.4,72.3,9.3,68.6,6.0,19.5
0500000US45091,94.0,80.6,3.1,88.9,7.4,67.9,0.5,14.6,0.0,6.0,88.7,0.0,88.6,83.4,12.5,73.0,6.7,11.3
0500000US46099,93.1,80.4,4.1,86.0,7.7,63.2,1.0,2.1,0.0,6.9,86.2,0.0,86.2,78.0,12.4,70.5,6.3,13.8
0500000US46103,91.5,76.3,6.3,80.5,8.4,60.1,1.4,5.3,0.0,8.5,84.7,0.0,84.6,73.7,8.1,73.8,5.2,15.3
0500000US47001,90.9,71.1,4.4,81.8,8.1,66.2,1.5,2.9,0.0,9.1,85.5,0.4,85.1,75.1,15.5,60.7,5.6,14.5
0500000US47009,90.0,76.3,5.0,81.0,8.0,58.6,1.3,2.8,0.2,10.0,82.2,0.3,81.9,72.5,10.9,67.6,7.0,17.8
0500000US47011,88.7,69.9,3.2,81.8,9.4,61.7,1.8,0.9,0.0,11.3,82.7,0.7,82.0,74.3,12.5,63.8,7.7,17.3
0500000US47037,94.1,78.4,3.6,88.0,9.4,63.9,0.7,9.6,0.0,5.9,90.1,0.1,90.0,85.1,13.8,74.1,5.3,9.9
0500000US47059,87.3,65.7,5.6,77.7,13.0,57.1,1.0,2.0,0.0,12.7,78.4,0.0,78.4,70.5,21.8,51.4,4.9,21.6
0500000US47065,90.8,76.5,3.9,84.1,9.2,60.9,0.8,2.3,0.0,9.2,85.8,0.1,85.6,75.4,9.1,74.9,2.8,14.2
0500000US47093,91.7,77.2,3.3,86.2,9.6,64.7,0.6,2.5,0.0,8.3,84.5,0.1,84.4,61.9,11.0,71.4,4.0,15.5
0500000US47113,90.5,68.2,6.1,80.7,16.9,53.2,1.0,0.5,0.0,9.5,85.0,0.0,85.0,74.6,20.2,62.0,5.4,15.0
0500000US47119,91.6,78.0,4.6,84.1,9.3,64.8,0.2,2.1,0.0,8.4,85.3,0.2,85.2,78.3,13.9,67.5,7.2,14.7
0500000US47125,95.8,82.1,3.2,90.1,8.1,69.3,0.4,2.0,0.0,4.2,91.5,0.5,91.0,86.8,11.5,75.6,8.1,8.5
0500000US47141,91.1,74.0,4.5,83.1,7.9,60.8,1.5,1.5,0.0,8.9,81.7,0.0,81.7,74.7,13.7,67.1,3.3,18.3
0500000US47147,91.9,73.8,1.6,88.7,11.6,59.0,0.3,3.0,0.0,8.1,86.7,0.2,86.5,80.7,17.7,63.4,11.8,13.3
0500000US47149,95.3,82.2,3.1,90.3,7.4,68.2,0.4,6.7,0.0,4.7,90.7,0.2,90.5,85.6,13.5,74.1,6.5,9.3
0500000US47155,89.7,69.0,4.0,80.9,9.3,61.1,2.9,1.7,0.0,10.3,82.3,0.2,82.1,72.7,16.0,59.1,10.1,17.7
0500000US47157,84.9,65.0,3.1,79.4,13.3,54.9,1.1,2.1,0.0,15.1,76.5,0.3,76.2,70.0,13.1,59.1,8.2,23.5
0500000US47163,88.1,70.9,5.6,76.9,10.2,58.1,1.0,3.0,0.0,11.9,81.3,0.1,81.3,70.4,10.6,68.2,3.3,18.7
0500000US47165,93.1,76.2,3.1,86.5,8.9,67.1,1.8,2.0,0.0,6.9,89.3,0.0,89.3,83.1,12.2,72.2,9.8,10.7
0500000US47179,90.0,71.8,3.5,82.8,11.3,62.8,0.9,3.2,0.1,10.0,82.1,0.3,81.8,75.5,13.6,65.3,4.9,17.9
0500000US47187,97.3,93.8,1.6,94.0,1.6,82.4,0.0,6.3,0.4,2.7,95.4,0.0,95.4,91.4,6.5,85.7,8.1,4.6
0500000US47189,93.8,82.1,3.1,87.5,6.1,71.8,0.5,3.0,0.2,6.2,85.7,0.0,85.7,79.2,13.4,69.2,6.5,14.3
0500000US48005,91.3,76.1,4.9,81.4,8.5,64.5,0.8,1.9,0.0,8.7,86.9,0.1,86.8,75.3,16.3,63.9,7.3,13.1
0500000US48021,89.3,68.2,3.2,84.4,9.9,58.2,1.4,2.1,0.0,10.7,83.4,0.0,83.4,78.9,18.0,52.4,14.4,16.6
0500000US48027,92.5,79.9,5.1,82.8,6.2,67.3,2.0,1.9,0.0,7.5,88.4,0.1,88.3,61.9,14.7,70.6,6.0,11.6
0500000US48029,93.1,73.3,2.9,88.0,13.6,60.8,0.7,4.3,0.0,6.9,83.3,0.1,83.3,75.1,12.7,67.4,8.7,16.7
0500000US48037,81.6,65.4,3.9,75.9,10.3,34.6,0.7,1.1,0.0,18.4,73.5,0.0,73.5,65.3,14.3,56.3,18.6,26.5
0500000US48039,93.3,79.3,2.7,88.7,10.6,61.9,0.3,2.2,0.1,6.7,90.4,0.0,90.3,82.2,15.3,69.9,8.4,9.6
0500000US48041,95.7,84.6,2.7,90.6,5.9,70.9,0.8,3.2,0.0,4.3,83.9,0.0,83.9,77.4,8.8,69.8,7.9,16.1
0500000US48061,82.9,56.0,2.7,77.9,18.7,49.3,0.8,1.2,0.0,17.1,56.0,0.0,56.0,45.1,14.8,37.2,6.5,44.0
0500000US48085,98.4,91.9,2.1,95.0,4.2,75.0,0.3,5.1,0.0,1.6,94.1,0.1,94.0,84.8,6.1,84.4,8.0,5.9
0500000US48091,94.1,83.0,3.2,88.7,8.0,72.0,0.7,4.0,0.0,5.9,90.3,0.3,90.0,85.2,8.7,77.7,9.0,9.7
0500000US48099,90.3,74.4,6.0,81.4,9.1,57.6,0.4,1.1,0.0,9.7,85.0,0.1,84.9,70.0,16.2,61.6,11.0,15.0
0500000US48113,91.5,73.5,2.5,87.4,12.8,59.5,0.4,7.3,0.0,8.5,82.8,0.1,82.7,77.4,13.1,66.5,6.1,17.2
0500000US48121,97.9,89.0,1.8,94.5,5.3,78.4,0.2,3.0,0.0,2.1,93.8,0.0,93.8,88.9,6.8,83.9,8.5,6.2
0500000US48135,92.6,64.6,3.0,87.5,16.1,54.8,1.4,4.1,0.0,7.4,83.2,0.0,83.2,74.9,14.0,60.0,11.6,16.8
0500000US48139,96.4,81.0,2.0,91.5,11.0,68.2,0.4,2.5,0.0,3.6,92.5,0.2,92.3,84.6,19.3,62.4,18.7,7.5
0500000US48141,89.9,68.6,2.3,85.9,15.5,54.6,0.6,1.7,0.0,10.1,79.9,0.2,79.7,74.4,17.5,57.8,8.7,20.1
0500000US48157,97.1,90.2,1.6,93.8,4.0,78.1,0.5,2.3,0.0,2.9,93.3,0.2,93.1,87.6,9.4,81.7,8.2,6.7
0500000US48167,93.4,77.9,2.2,89.7,9.5,64.7,0.5,2.8,0.0,6.6,88.3,0.7,87.6,83.6,15.8,68.7,6.0,11.7
0500000US48181,92.4,71.5,3.5,87.7,15.1,56.0,0.2,2.4,0.0,7.6,71.1,0.3,70.8,64.3,15.3,46.8,9.7,28.9
0500000US48183,90.4,64.4,3.4,85.4,19.4,54.2,0.5,1.3,0.0,9.6,83.1,0.0,83.1,76.8,23.4,57.1,6.4,16.9
0500000US48187,93.5,79.7,3.3,87.5,8.9,66.8,0.7,2.4,0.0,6.5,88.6,0.2,88.4,74.2,16.9,66.2,10.3,11.4
0500000US48201,93.4,75.2,2.4,89.2,12.5,62.4,0.5,2.4,0.0,6.6,86.7,0.1,86.6,79.5,14.1,69.8,8.6,13.3
0500000US48203,86.8,69.6,5.3,79.3,9.9,50.9,0.7,1.9,0.0,13.2,66.5,0.0,66.5,61.1,14.8,38.9,15.6,33.5
0500000US48209,96.0,83.5,2.2,91.9,9.3,64.1,0.3,2.4,0.0,4.0,88.5,0.0,88.5,77.1,12.7,72.0,5.3,11.5
0500000US48213,86.3,63.0,4.2,78.7,15.9,48.5,0.7,1.0,0.0,13.7,80.2,0.0,80.2,71.7,20.1,53.4,19.2,19.8
0500000US48215,84.0,55.6,2.6,79.4,20.8,45.9,0.8,1.4,0.0,16.0,69.0,0.1,68.9,56.9,16.9,47.5,8.0,31.0
0500000US48231,92.6,72.0,3.7,86.5,15.4,60.5,0.8,2.0,0.0,7.4,82.7,0.2,82.6,76.3,23.0,44.1,19.9,17.3
0500000US48245,89.7,62.6,3.0,84.4,17.9,54.0,0.8,1.8,0.1,10.3,78.8,0.1,78.7,66.9,20.7,55.1,5.3,21.2
0500000US48251,94.5,77.5,2.5,91.2,10.7,65.2,0.3,2.1,0.0,5.5,90.4,0.2,90.2,82.4,34.4,48.0,14.3,9.6
0500000US48257,90.9,73.8,2.2,87.1,11.8,63.1,0.6,13.1,0.0,9.1,81.1,0.0,81.1,62.5,10.4,59.5,16.5,18.9
0500000US48291,84.8,61.8,4.1,77.4,16.1,46.8,1.2,2.3,0.0,15.2,79.0,0.0,79.0,73.5,21.5,44.0,16.3,21.0
0500000US48303,92.9,73.4,1.7,89.4,12.4,63.6,0.5,2.4,0.0,7.1,81.7,0.1,81.6,76.5,13.1,64.9,9.0,18.3
0500000US48309,88.5,69.9,2.9,82.7,13.0,55.7,1.1,1.8,0.0,11.5,81.2,0.3,80.9,72.7,16.2,59.2,7.4,18.8
0500000US48329,94.3,75.9,1.5,90.8,12.8,60.1,0.6,2.4,0.0,5.7,86.9,0.0,86.9,79.7,14.7,64.2,7.2,13.1
0500000US48339,96.5,83.0,2.8,92.2,8.0,67.7,0.5,2.4,0.0,3.5,91.9,0.1,91.8,81.1,12.4,73.6,13.7,8.1
0500000US48347,87.4,67.7,2.2,83.0,11.3,60.9,1.0,1.4,0.0,12.6,80.5,0.1,80.5,73.0,18.9,53.5,11.9,19.5
0500000US48355,89.8,60.5,2.8,84.9,17.3,53.3,0.7,10.5,0.0,10.2,84.1,0.2,84.0,79.3,15.4,66.0,5.1,15.9
0500000US48361,89.8,68.1,2.9,84.8,14.1,52.7,0.6,0.7,0.0,10.2,85.4,0.0,85.4,79.4,23.7,55.6,9.4,14.6
0500000US48367,94.9,81.7,1.9,90.9,8.9,65.8,0.6,2.1,0.0,5.1,85.6,0.0,85.6,80.2,10.1,59.2,20.3,14.4
0500000US48375,90.0,61.3,2.9,85.2,21.9,45.0,0.5,0.8,0.0,10.0,78.0,0.2,77.8,70.8,23.5,50.9,6.2,22.0
0500000US48381,96.3,82.5,3.3,91.2,7.8,68.1,0.2,3.7,0.0,3.7,91.5,0.1,91.4,84.4,8.2,79.0,9.9,8.5
0500000US48397,98.1,88.7,1.6,95.7,6.5,80.1,0.2,2.9,0.0,1.9,96.1,0.0,96.1,93.5,10.8,78.1,21.7,3.9
0500000US48409,86.2,63.2,3.3,81.0,12.2,57.9,1.0,1.7,0.0,13.8,76.0,0.0,76.0,67.5,10.0,60.1,9.1,24.0
0500000US48423,94.3,60.5,2.8,87.1,9.2,71.9,2.4,1.9,0.0,5.7,85.1,0.0,85.0,74.8,34.8,44.7,8.1,14.9
0500000US48439,96.0,79.1,2.5,91.8,11.2,67.4,0.4,2.8,0.0,4.0,90.9,0.1,90.8,85.4,13.5,74.0,8.4,9.1
0500000US48441,91.8,72.3,3.6,85.9,14.7,54.3,1.2,1.7,0.0,8.2,82.9,0.0,82.9,76.5,12.4,66.6,6.6,17.1
0500000US48451,91.8,69.9,2.3,85.8,15.8,53.0,1.2,3.3,0.0,8.2,79.4,0.1,79.3,73.1,17.0,58.4,5.9,20.6
0500000US48453,96.8,86.2,2.1,92.7,6.0,70.6,0.6,2.6,0.0,3.2,91.8,0.1,91.7,84.6,10.4,79.6,5.4,8.2
0500000US48469,85.6,59.7,3.4,79.6,17.8,50.1,1.1,1.5,0.2,14.4,70.0,0.0,70.0,50.2,9.7,53.5,7.2,30.0
0500000US48471,91.1,76.6,3.6,86.8,13.7,37.8,0.0,2.5,0.0,8.9,83.5,0.5,83.0,78.7,11.9,66.3,6.9,16.5
0500000US48479,85.9,60.4,2.4,80.5,17.8,51.1,1.8,3.1,0.0,14.1,72.0,0.1,71.9,47.0,12.1,58.1,4.7,28.0
0500000US48485,90.5,71.6,4.0,84.3,11.2,62.3,1.1,2.2,0.0,9.5,82.3,0.7,81.7,70.6,9.3,67.1,11.1,17.7
0500000US48491,97.5,89.7,2.7,93.3,4.2,77.5,0.4,3.3,0.0,2.5,93.7,0.1,93.5,87.1,6.8,83.5,7.9,6.3
0500000US48497,94.0,77.6,3.2,88.9,10.8,65.0,1.2,1.7,0.0,6.0,81.6,0.0,81.5,77.1,18.6,47.2,16.1,18.4
0500000US49005,96.7,87.1,2.6,91.0,5.2,74.5,0.6,3.6,0.0,3.3,89.4,0.0,89.4,73.2,9.2,73.4,8.8,10.6
0500000US49011,97.9,89.3,2.8,93.2,5.0,77.8,0.5,2.4,0.0,2.1,93.1,0.2,92.9,88.3,8.4,79.8,12.7,6.9
0500000US49035,96.2,86.3,3.0,90.9,6.1,70.6,0.4,3.0,0.0,3.8,91.0,0.3,90.7,81.3,10.4,77.0,7.8,9.0
0500000US49045,95.2,84.4,4.8,88.4,6.0,63.9,0.5,1.7,0.0,4.8,91.5,0.5,90.9,84.8,13.4,66.9,14.0,8.5
0500000US49049,98.2,92.4,1.9,94.6,3.1,80.6,0.5,3.3,0.0,1.8,89.9,0.2,89.8,85.1,5.8,78.6,9.5,10.1
0500000US49053,95.6,86.1,5.6,85.5,3.6,72.0,1.1,3.3,0.0,4.4,89.3,0.3,89.0,73.1,13.7,68.4,11.2,10.7
0500000US49057,95.2,84.2,2.9,90.1,4.9,71.2,0.6,2.5,0.0,4.8,90.7,0.3,90.4,83.7,11.5,72.4,9.8,9.3
0500000US50007,94.5,86.1,6.4,84.1,3.2,63.7,1.3,2.8,0.0,5.5,85.6,0.1,85.5,73.6,6.6,77.6,3.8,14.4
0500000US51003,95.0,84.9,5.6,85.9,5.4,61.3,1.0,9.6,0.0,5.0,88.9,0.4,88.5,83.7,30.4,54.0,5.3,11.1
0500000US51013,95.2,90.7,1.9,91.4,1.7,75.0,0.4,11.6,0.0,4.8,91.3,0.4,90.9,84.0,7.6,81.6,3.9,8.7
0500000US51015,88.3,71.5,3.8,81.1,9.2,55.6,1.0,0.5,0.0,11.7,78.2,0.3,77.9,68.1,19.8,51.4,7.2,21.8
0500000US51019,90.8,77.7,5.7,81.7,8.6,57.4,0.6,3.0,0.0,9.2,84.5,1.4,83.0,74.1,22.2,49.2,12.7,15.5
0500000US51041,95.1,86.1,3.9,88.7,5.5,73.8,0.5,1.6,0.0,4.9,92.0,0.2,91.8,83.1,9.1,81.5,2.7,8.0
0500000US51059,97.4,92.6,2.9,92.6,2.7,77.5,0.4,4.9,0.0,2.6,95.6,0.1,95.6,88.9,6.0,88.5,3.2,4.4
0500000US51061,95.6,87.7,4.0,89.1,5.8,75.6,0.5,2.3,0.0,4.4,92.6,0.3,92.3,85.6,11.5,62.5,16.8,7.4
0500000US51069,91.0,82.8,5.8,82.3,4.8,63.0,0.4,1.7,0.0,9.0,87.0,0.1,86.9,75.2,12.9,67.0,9.1,13.0
0500000US51085,93.8,86.3,4.5,86.4,5.0,59.9,0.2,1.7,0.0,6.2,88.6,0.2,88.4,80.8,8.3,73.0,8.5,11.4
0500000US51087,93.5,82.1,4.1,86.0,7.1,61.8,1.0,1.3,0.0,6.5,89.7,0.3,89.5,83.0,7.6,79.0,4.1,10.3
0500000US51095,96.5,90.0,4.4,87.7,4.9,66.8,0.0,1.6,0.0,3.5,82.8,0.5,82.3,72.4,4.5,76.0,1.9,17.2
0500000US51107,97.8,93.6,2.0,94.1,2.5,80.8,0.6,4.4,0.0,2.2,95.7,0.2,95.5,90.2,4.9,86.8,5.7,4.3
0500000US51121,92.3,77.2,2.1,87.0,7.8,67.0,0.5,0.8,0.0,7.7,88.0,0.0,88.0,75.8,9.8,71.8,8.0,12.0
0500000US51153,97.7,89.9,2.6,93.0,4.3,79.2,0.5,3.1,0.0,2.3,96.3,0.1,96.2,91.0,4.7,90.1,5.2,3.7
0500000US51161,91.2,79.2,5.1,81.9,7.8,63.6,0.8,4.2,0.0,8.8,84.8,0.5,84.3,76.7,9.3,71.9,5.0,15.2
0500000US51165,88.7,75.6,7.2,78.3,9.2,54.0,0.7,1.6,0.0,11.3,79.5,0.4,79.1,69.1,15.4,54.6,9.6,20.5
0500000US51177,96.5,86.2,4.1,88.2,4.8,74.9,1.1,3.0,0.0,3.5,91.8,0.3,91.5,78.2,7.2,79.1,6.3,8.2
0500000US51179,97.9,89.3,1.7,93.7,3.7,79.1,0.3,2.0,0.0,2.1,95.9,0.3,95.6,91.4,7.6,86.0,5.3,4.1
0500000US51199,93.7,89.3,4.2,86.6,2.2,71.4,0.1,1.4,0.0,6.3,86.6,0.0,86.6,81.9,6.0,80.1,2.9,13.4
0500000US51510,94.3,86.2,2.1,90.5,3.9,68.6,0.5,3.5,0.0,5.7,92.2,0.0,92.2,87.1,8.8,82.4,2.5,7.8
0500000US51550,94.8,84.7,4.2,87.9,6.0,71.7,0.7,3.2,0.0,5.2,91.6,0.0,91.6,84.8,15.7,74.5,3.5,8.4
0500000US51650,90.9,79.9,4.7,82.7,6.6,62.2,1.4,2.5,0.0,9.1,79.4,0.3,79.1,70.1,10.0,67.5,3.3,20.6
0500000US51680,89.5,73.1,5.3,83.5,13.2,55.5,0.7,4.2,0.0,10.5,83.3,0.3,83.0,78.0,14.3,65.9,6.3,16.7
0500000US51700,91.0,75.6,5.5,81.8,11.3,52.2,0.9,2.6,0.1,9.0,64.7,0.3,64.4,57.1,7.3,55.5,3.4,35.3
0500000US51710,92.6,71.8,3.6,87.4,13.2,58.0,0.7,2.1,0.0,7.4,85.3,0.2,85.0,79.9,16.1,63.7,3.1,14.7
0500000US51740,90.4,65.3,4.0,84.5,18.1,51.2,0.8,1.6,0.0,9.6,83.2,0.5,82.7,78.1,31.5,48.9,4.0,16.8
0500000US51760,89.9,72.7,3.0,83.7,12.0,56.3,1.3,1.8,0.0,10.1,79.1,0.1,78.9,70.6,9.6,67.7,4.1,20.9
0500000US51770,83.9,63.8,2.2,78.8,16.3,49.8,0.7,4.1,0.0,16.1,74.2,0.1,74.2,65.6,9.9,62.9,2.5,25.8
0500000US51800,90.6,74.9,4.3,84.4,10.6,64.2,0.1,1.2,0.0,9.4,81.8,0.3,81.5,76.4,11.4,66.8,5.5,18.2
0500000US51810,95.9,85.6,2.5,90.6,5.8,72.4,0.8,2.4,0.0,4.1,91.7,0.1,91.6,84.6,7.8,81.6,3.2,8.3
0500000US53005,94.2,80.9,3.7,86.0,7.5,69.8,0.6,1.6,0.1,5.8,86.9,0.5,86.4,77.3,9.2,72.1,9.2,13.1
0500000US53007,93.0,77.8,3.2,85.1,9.5,60.3,1.1,0.9,0.0,7.0,83.6,0.0,83.6,76.1,11.6,67.9,6.1,16.4
0500000US53009,90.0,80.7,9.1,76.2,5.4,57.5,1.1,0.9,0.0,10.0,88.7,0.6,88.1,70.8,9.7,72.7,8.5,11.3
0500000US53011,95.4,86.1,4.4,87.5,5.1,70.6,0.4,2.4,0.0,4.6,92.2,0.4,91.8,81.9,9.5,79.0,6.3,7.8
0500000US53015,91.1,74.0,5.5,82.5,6.9,64.0,1.4,2.9,0.0,8.9,84.8,0.1,84.7,74.3,9.2,69.1,9.1,15.2
0500000US53021,95.1,73.8,1.1,92.1,13.1,68.9,0.0,1.4,0.0,4.9,90.7,0.1,90.6,84.1,13.3,68.9,11.4,9.3
0500000US53025,91.2,68.5,4.9,83.0,12.9,60.9,0.8,1.6,0.0,8.8,86.7,0.1,86.5,77.6,14.9,65.4,8.8,13.3
0500000US53027,90.4,72.2,7.5,77.2,13.8,53.4,1.3,2.0,0.0,9.6,83.9,0.3,83.6,73.5,18.3,62.4,4.6,16.1
0500000US53029,95.0,88.5,4.9,86.6,3.5,70.9,0.3,2.5,0.0,5.0,91.9,0.9,91.0,81.1,7.4,78.6,8.0,8.1
0500000US53033,95.9,87.9,3.0,91.1,4.3,71.0,0.5,3.3,0.0,4.1,92.5,0.2,92.4,86.0,7.0,83.8,3.3,7.5
0500000US53035,95.7,88.1,4.2,88.0,4.4,70.8,0.8,2.0,0.0,4.3,93.1,0.5,92.6,84.9,6.4,83.3,6.1,6.9
0500000US53041,91.8,78.8,6.8,81.3,7.8,62.4,0.2,1.2,0.0,8.2,86.8,0.3,86.5,68.0,11.8,65.0,11.5,13.2
0500000US53045,93.0,79.3,5.9,78.9,7.2,62.1,2.2,1.3,0.0,7.0,88.8,0.1,88.7,71.3,15.2,66.3,9.5,11.2
0500000US53053,95.0,82.8,3.7,88.5,7.0,68.6,0.7,3.5,0.0,5.0,89.3,0.2,89.1,82.3,11.1,75.8,5.1,10.7
0500000US53057,94.1,83.1,6.2,84.4,5.0,66.8,0.6,3.3,0.0,5.9,90.5,0.3,90.2,81.4,13.1,73.1,5.7,9.5
0500000US53061,96.6,86.5,3.7,90.4,5.6,71.7,0.6,2.0,0.0,3.4,92.9,0.1,92.8,83.7,7.2,82.2,5.4,7.1
0500000US53063,93.5,81.8,4.3,85.7,5.6,65.3,1.1,2.1,0.0,6.5,89.6,0.2,89.5,80.5,10.5,73.9,7.0,10.4
0500000US53067,93.9,84.8,4.6,85.5,4.6,69.3,1.0,2.4,0.1,6.1,89.1,0.3,88.8,77.3,8.0,78.6,5.1,10.9
0500000US53073,93.8,84.0,5.2,85.1,5.0,66.2,1.0,1.8,0.0,6.2,87.0,0.1,86.9,78.8,10.1,73.9,5.6,13.0
0500000US53077,91.2,65.3,4.2,83.1,15.8,54.4,1.2,1.8,0.2,8.8,84.0,0.4,83.6,74.9,16.2,60.5,9.0,16.0
0500000US54003,91.5,76.0,3.9,83.5,8.3,62.4,1.3,1.8,0.0,8.5,84.6,0.2,84.4,74.0,11.1,70.7,5.3,15.4
0500000US54011,89.1,59.7,5.6,80.2,17.8,55.4,1.1,2.2,0.0,10.9,79.8,0.4,79.4,57.6,7.8,58.9,15.3,20.2
0500000US54033,87.7,66.8,5.6,78.6,15.9,52.3,1.6,2.4,0.0,12.3,78.5,0.0,78.5,53.8,18.1,57.0,5.5,21.5
0500000US54039,88.4,60.8,5.4,79.3,16.6,55.8,1.1,3.0,0.0,11.6,80.9,0.3,80.6,59.3,7.4,64.6,10.2,19.1
0500000US54061,94.6,82.9,4.1,87.0,4.8,68.5,0.8,1.8,0.0,5.4,89.9,0.4,89.4,81.8,9.5,77.0,4.2,10.1
0500000US54081,82.4,62.2,5.8,70.3,11.5,51.4,2.4,1.1,0.2,17.6,75.0,0.3,74.7,63.8,10.0,61.2,6.0,25.0
0500000US54107,87.1,68.7,4.2,76.7,8.9,56.6,1.3,0.9,0.0,12.9,80.0,0.6,79.5,64.4,11.9,63.8,4.8,20.0
0500000US55009,91.5,78.1,5.4,81.7,6.8,66.9,1.2,3.2,0.1,8.5,86.3,0.5,85.7,77.3,10.8,71.3,6.6,13.7
0500000US55025,95.3,87.3,4.5,87.8,4.1,67.6,1.1,2.1,0.1,4.7,89.8,0.6,89.2,81.9,7.8,78.6,5.8,10.2
0500000US55027,89.7,75.0,5.1,80.6,8.8,60.2,0.7,2.3,0.0,10.3,85.9,0.4,85.5,77.9,12.6,66.5,8.6,14.1
0500000US55035,93.0,83.6,5.4,82.2,5.0,66.5,1.8,2.1,0.0,7.0,89.1,0.3,88.9,76.4,10.5,75.5,6.2,10.9
0500000US55039,87.3,76.6,6.5,77.8,5.7,60.7,1.1,1.5,0.0,12.7,82.7,0.3,82.4,71.3,10.6,62.1,10.8,17.3
0500000US55055,92.7,80.8,5.2,83.0,8.7,59.3,0.8,1.9,0.0,7.3,86.0,0.7,85.4,78.1,12.5,67.1,6.6,14.0
0500000US55059,92.1,76.7,3.9,85.7,9.5,61.8,1.2,1.9,0.0,7.9,88.3,0.4,87.9,80.2,12.8,71.9,5.8,11.7
0500000US55063,91.8,81.2,5.7,81.2,5.7,64.5,1.0,1.7,0.0,8.2,86.3,0.7,85.6,73.0,9.9,73.7,6.2,13.7
0500000US55071,88.7,75.6,7.7,76.7,8.7,54.8,1.4,1.0,0.0,11.3,84.4,0.2,84.2,63.9,12.2,64.7,9.2,15.6
0500000US55073,89.7,78.0,6.1,79.4,5.7,63.3,1.0,1.9,0.0,10.3,84.5,1.2,83.3,73.3,11.4,64.8,7.8,15.5
0500000US55079,87.4,70.6,4.4,79.7,10.7,56.8,1.1,2.8,0.0,12.6,80.1,0.2,79.8,72.8,11.9,65.9,4.3,19.9
0500000US55087,92.6,79.8,4.7,83.1,6.6,65.6,1.8,2.9,0.1,7.4,88.0,0.2,87.8,78.1,9.2,73.8,7.2,12.0
0500000US55089,93.2,87.7,5.6,83.1,2.3,71.6,0.5,4.0,0.0,6.8,89.5,0.4,89.1,80.4,8.6,76.8,6.9,10.5
0500000US55097,91.0,76.5,6.5,80.2,8.6,61.0,1.4,1.9,0.0,9.0,87.0,0.1,86.8,74.1,11.7,71.5,5.5,13.0
0500000US55101,92.4,77.4,5.2,83.3,8.0,64.2,1.1,2.6,0.1,7.6,87.4,0.3,87.1,78.1,11.8,71.4,6.9,12.6
0500000US55105,90.2,75.7,5.3,80.7,9.1,60.7,1.3,1.1,0.1,9.8,85.2,0.6,84.6,76.0,12.1,67.4,7.1,14.8
0500000US55109,92.5,80.2,4.7,84.2,5.6,69.1,1.6,3.0,0.0,7.5,88.1,0.6,87.5,80.0,17.3,64.9,6.7,11.9
0500000US55117,90.4,78.4,5.4,79.9,5.5,60.8,0.9,1.8,0.0,9.6,86.7,0.1,86.6,74.1,11.4,70.0,7.4,13.3
0500000US55127,92.1,81.1,4.9,84.4,5.9,64.1,0.7,1.1,0.0,7.9,86.8,0.7,86.0,75.4,9.9,70.0,8.7,13.2
0500000US55131,93.5,85.3,6.0,83.3,3.6,66.6,1.0,1.7,0.0,6.5,89.3,0.5,88.8,75.9,8.4,74.4,8.2,10.7
0500000US55133,94.3,86.7,5.6,85.7,3.9,71.4,0.8,2.7,0.0,5.7,92.1,0.3,91.9,83.7,8.0,81.1,6.4,7.9
0500000US55139,91.6,76.6,5.4,82.6,6.3,62.4,1.3,1.7,0.0,8.4,86.2,0.2,86.0,76.2,12.8,68.8,5.6,13.8
0500000US55141,88.7,75.7,7.2,73.4,7.7,61.9,2.3,2.9,0.0,11.3,84.0,0.7,83.3,71.2,10.9,69.0,4.8,16.0
0500000US56021,91.7,81.5,3.4,84.2,4.7,65.9,0.4,1.6,0.0,8.3,88.5,0.0,88.5,74.8,10.7,72.6,8.0,11.5
0500000US56025,94.2,80.0,6.6,84.1,8.5,64.6,0.6,2.0,0.0,5.8,84.8,0.3,84.5,71.4,8.3,70.8,6.9,15.2
0500000US72013,70.1,40.0,2.4,63.9,24.3,30.5,2.3,0.2,0.0,29.9,66.0,0.8,65.2,59.1,27.7,35.4,2.5,34.0
0500000US72021,86.3,51.5,3.3,80.1,25.1,40.8,1.2,0.9,0.0,13.7,79.1,0.4,78.7,73.0,33.8,41.4,13.0,20.9
0500000US72025,79.9,51.1,3.7,73.3,19.6,44.3,0.7,1.6,0.0,20.1,76.7,1.0,75.7,71.8,30.7,40.7,7.4,23.3
0500000US72031,81.6,49.9,3.6,75.9,24.3,37.4,1.1,0.2,0.0,18.4,75.9,0.3,75.6,69.3,29.3,43.0,4.0,24.1
0500000US72061,82.9,54.7,1.9,79.0,18.2,49.8,1.3,2.1,0.0,17.1,74.9,0.0,74.9,71.0,22.0,48.4,6.0,25.1
0500000US72097,80.3,42.0,2.8,73.9,28.8,37.8,1.2,0.0,0.0,19.7,70.4,0.3,70.0,65.7,30.3,38.2,2.1,29.6
0500000US72113,67.5,48.5,7.9,57.6,14.8,22.4,1.1,1.2,0.0,32.5,68.3,0.4,68.0,63.9,28.1,37.8,2.8,31.7
0500000US72127,62.0,41.5,4.5,55.2,14.9,29.7,0.8,2.9,0.0,38.0,53.6,1.6,52.0,45.9,17.9,31.2,3.1,46.4
0500000US72135,84.2,45.2,1.8,81.7,36.3,24.1,0.2,0.0,0.0,15.8,36.6,0.5,36.1,35.1,16.3,17.7,2.1,63.4
0500000US72137,88.0,48.9,1.5,84.9,34.7,33.8,0.4,0.6,0.0,12.0,44.1,0.4,43.7,30.8,11.7,30.3,2.9,55.9
0500000US72139,82.4,52.9,2.5,78.2,23.6,41.5,0.8,0.3,0.0,17.6,78.1,0.2,77.9,74.7,32.1,43.8,2.0,21.9
